user_id,dbscan_cluster
135284,0
7293,0
111385,0
147365,0
99290,0
56636,0
173296,0
48695,0
182005,0
4151,-1
187655,0
115495,1
66963,0
86095,0
97526,0
142158,0
133196,0
72603,0
133973,0
101200,0
83948,-1
45329,0
134002,0
132352,0
104701,0
16469,0
122670,0
145550,0
143135,0
16445,0
25626,0
7331,0
34179,0
175099,0
203592,0
134346,0
178509,0
14868,0
138324,0
143687,0
110898,0
150637,0
114711,0
166535,0
200156,0
78508,0
92436,0
97837,0
139974,0
117102,0
135019,0
112876,0
14857,0
95552,0
61086,0
103416,0
4189,0
66186,-1
97214,0
79903,0
70097,0
152373,0
55088,0
127880,0
95437,0
121011,0
13247,0
166495,0
4262,0
7725,0
100576,0
55447,0
90142,0
18092,0
83948,-1
88492,0
122238,0
122599,0
191551,0
153376,0
62807,0
153601,0
171917,0
94956,0
54369,0
86294,0
197189,0
110701,0
3803,0
159965,0
66483,0
72068,0
36538,0
94953,0
70551,0
173529,0
168764,0
13263,0
187842,0
71798,0
137277,0
57641,0
152061,0
142541,0
163361,0
39507,0
76201,0
70461,0
30038,0
73690,0
187202,0
86124,0
130098,0
95728,0
23717,0
26077,0
196356,0
45930,0
138346,0
168145,0
19326,0
114230,0
126994,0
135108,0
136840,0
69237,0
173481,0
24505,0
10472,0
165221,0
83407,0
63759,0
134744,0
23713,0
11912,0
175062,0
152297,0
95478,0
188160,0
36187,0
80019,0
186380,0
10876,0
147552,0
168105,0
165734,0
14505,0
194303,0
83145,0
122101,0
98359,0
138390,-1
53836,0
124280,0
152396,0
121066,0
199036,0
111044,0
173299,0
203592,0
31687,0
11170,0
89990,0
9755,0
180574,0
154321,0
78758,0
60404,0
95710,0
202920,0
46967,0
159836,0
19089,0
77729,0
57376,0
3676,0
107949,0
18813,0
91228,0
172084,0
106924,0
117986,0
44003,0
74968,0
84092,0
114452,0
49490,0
9323,0
38683,0
1652,0
70557,0
46216,0
41462,0
121858,0
14816,0
126485,0
10204,0
179105,0
42971,0
46889,0
5249,0
82708,0
162198,0
112377,0
183985,0
46971,0
205661,0
59595,0
162079,0
166397,0
72934,0
93170,0
3316,0
98645,0
205373,0
198261,0
135103,0
41117,0
183099,0
76902,0
73428,0
185653,0
13782,0
61331,0
151425,0
111817,0
158582,0
126273,0
150627,0
45500,0
141212,0
28195,0
188522,0
200037,0
29569,0
58670,0
185599,0
9537,0
201591,0
13696,0
53976,0
11555,0
5860,0
12641,0
100629,0
13257,0
122598,0
170128,0
95905,0
175584,0
166743,0
185174,0
88799,0
120494,0
87603,0
136888,0
133488,0
198023,0
33407,0
18348,0
55620,0
80233,0
28994,0
87735,0
96757,0
197161,0
129309,0
181604,0
139291,0
100805,0
14548,0
54330,0
116129,0
98744,0
59959,0
160474,0
40738,0
158102,0
44379,0
200034,0
9124,0
56022,0
105102,0
202573,0
205588,0
37631,0
159609,0
196459,0
185501,0
5115,0
152689,0
46354,0
169126,0
129102,0
197576,-1
18619,0
147423,0
161431,0
73105,0
150667,0
202462,0
196920,0
38781,0
202855,0
65813,0
200175,0
30042,0
31976,0
117380,0
174592,0
192784,0
54810,0
83947,0
91826,0
173046,0
159158,0
88003,0
172306,0
148720,0
113996,0
1626,0
183467,0
156344,0
45532,0
1338,0
1527,0
28645,0
130340,0
93101,0
189149,0
45724,0
113309,0
21444,0
1215,0
85766,0
118933,0
67485,0
119286,0
81822,0
164542,0
134744,0
145486,0
1313,0
199918,0
60995,0
39379,0
43108,0
64504,0
106080,0
154483,0
164756,0
86020,0
87078,0
35733,0
115505,0
128564,0
18286,0
162642,0
145643,0
19408,0
3536,0
112307,0
167982,0
124184,0
167069,0
118502,0
201937,0
182179,0
70321,0
47897,0
43133,0
53044,0
195665,0
76894,0
66963,0
198053,0
5511,-1
156368,0
74792,0
176857,0
107154,0
30634,0
181391,0
26578,0
155086,0
98552,0
28102,0
25679,0
108077,0
129928,-1
112517,0
21718,0
196800,0
204413,0
192550,0
98926,0
21321,0
99512,0
81892,0
97264,0
12090,0
147382,0
114269,0
101415,0
18819,0
204093,0
42299,0
136747,0
199014,0
199026,0
28470,0
173231,0
153437,0
197654,0
150073,0
158395,0
175669,0
53676,0
86087,0
123321,0
113977,0
97097,0
15972,0
29665,0
115159,0
135908,0
72716,0
60796,0
7281,0
73522,0
65867,0
28108,0
154826,0
37765,0
80973,0
88210,0
107374,0
95812,0
132113,0
141257,0
67013,0
60590,0
199333,0
157146,0
118506,0
185157,0
13085,0
62680,0
127674,0
25486,0
87238,0
191199,0
166632,0
44306,0
157440,0
193042,0
132295,0
166281,0
132322,0
47562,0
202558,0
42520,0
157847,0
43978,0
125000,0
138108,0
40929,0
182846,0
120938,0
49830,0
43013,0
148699,0
110181,0
6621,0
138555,0
13643,0
139481,0
27135,0
59898,0
11666,0
127006,0
99951,0
32223,0
159316,0
136155,0
95576,0
164857,0
16989,0
35566,0
49944,0
123640,0
47281,0
94006,0
96519,0
66284,0
13004,0
34176,0
89615,0
170392,0
40114,0
699,0
21742,0
113171,0
70955,0
187079,0
122569,0
24354,0
35487,0
197650,0
76619,0
107300,0
88408,0
42668,0
111526,0
165710,0
197356,0
49780,0
122173,0
187238,0
166076,0
188977,0
99861,0
60358,0
33090,0
67376,0
76398,0
144812,0
195191,0
164702,0
14273,0
91220,0
52097,0
154255,0
29374,0
149444,0
69635,0
199238,0
127709,0
16683,0
1845,-1
11665,0
106018,0
105429,0
46187,0
76999,0
1150,0
191132,0
97679,0
54670,0
43966,0
130038,0
54296,0
3634,0
153029,0
178068,0
20555,0
119550,0
191120,0
86866,0
16924,0
94491,0
177006,0
185877,0
191148,0
39441,0
144725,0
175901,0
60516,0
181932,0
49047,0
80236,0
22570,0
23789,0
73026,0
183303,0
38752,0
47717,0
183687,0
56311,0
188618,0
203149,0
174549,0
616,0
82674,0
178737,0
100549,0
16680,0
113732,0
111156,0
192366,-1
190920,0
183887,0
163602,0
71196,0
15479,0
139973,0
44789,0
144958,0
54876,0
120581,0
139792,0
162084,0
147633,0
153437,0
152984,0
36738,0
204544,0
170753,0
187617,0
39976,0
145577,0
156892,0
146830,0
150896,0
166780,0
192403,0
167977,0
178140,0
170651,0
90221,0
118577,0
137081,0
42871,0
42472,0
127218,0
48162,0
68257,0
166715,0
135087,0
157746,0
37689,0
140018,0
165231,0
37223,0
189639,0
136237,0
104560,0
16035,0
13107,0
162350,0
48567,0
187442,0
76380,0
141538,0
103669,0
109969,0
43155,0
169272,0
108422,0
50097,0
72019,0
104326,0
52792,0
88013,0
76410,0
186800,0
47668,0
192947,0
156042,0
99583,0
143914,0
5199,0
87373,0
188783,0
57380,0
9,0
56097,0
36335,0
124477,0
100099,0
155482,0
187096,0
171030,0
76120,0
91395,0
38323,0
17143,0
142238,0
158376,0
18883,0
118185,0
69110,0
188136,0
97489,0
154208,0
108510,0
140069,0
84983,0
8300,0
166474,-1
64833,0
124192,0
78602,0
91022,0
68484,0
21666,0
80381,0
13026,0
152429,0
169714,0
165291,0
197265,0
129748,0
145141,0
80098,0
181936,0
142643,0
842,0
122990,0
45551,0
121705,0
70008,0
164981,0
32240,0
14330,0
32545,0
36310,0
80154,0
72446,0
73103,0
147391,0
66296,0
2342,0
106407,0
154753,0
126372,0
33665,0
73734,0
204473,0
26620,0
190878,0
135039,0
142073,0
652,0
119639,0
105479,0
46070,0
82727,0
58218,0
140505,0
199049,0
30734,0
71359,0
13483,0
23594,0
1225,0
70797,0
32812,0
172002,0
138423,0
103111,0
153482,0
164124,0
162203,0
68697,0
63895,0
24328,0
78596,0
134505,0
178770,0
197491,0
196980,0
205709,0
175866,0
83638,0
162608,0
55580,0
156475,0
186756,0
98695,0
101744,0
48571,0
168394,0
203301,0
72983,0
35239,0
70256,0
99173,0
155213,0
154621,0
147126,0
165938,0
56229,0
183838,0
19517,0
83712,0
171504,0
202815,0
56603,0
37944,0
158996,0
130369,0
25971,0
59411,0
202086,0
117675,0
150211,0
16654,0
147130,0
141847,0
202321,0
148534,0
88610,0
200178,0
4115,0
202870,0
178975,0
113489,0
136248,0
24574,0
199027,0
39618,0
32936,0
121428,0
34199,0
44729,0
81228,0
79894,0
94053,0
20062,0
198288,0
131529,0
83992,0
86570,0
78634,0
33392,0
15936,0
53829,0
57089,0
116698,0
164581,0
30527,0
90061,0
110221,0
77598,0
103707,0
57581,0
22325,0
182524,0
157185,0
60828,0
612,0
69834,0
142271,0
55474,0
60231,0
97109,0
62791,0
17280,0
196836,0
140980,0
174451,0
126412,0
59933,0
202232,0
194587,0
76902,0
173523,0
130598,0
4347,0
46273,0
148777,0
111410,0
171679,0
18306,0
191628,0
70917,0
204224,0
76083,0
79851,0
48931,0
183158,0
99097,0
88888,0
8051,0
186014,0
153202,0
199038,0
183403,5
147944,0
11092,0
115634,0
157974,0
204744,0
125125,0
161705,0
145898,0
133637,0
156019,0
158526,0
152712,0
91260,0
54621,0
60040,0
104152,0
97401,0
153380,0
89008,0
143595,0
40266,0
68395,0
159786,0
22365,0
74935,0
54463,0
32245,0
104530,0
111072,0
8967,0
46412,0
189912,0
36601,0
145080,0
172860,0
107767,-1
123237,0
62355,0
8159,0
167501,0
196562,0
24362,0
72721,0
93586,0
170548,0
183313,0
194740,0
126375,0
124734,0
45263,0
14249,0
300,0
147480,0
45910,0
99943,0
85602,0
6372,0
189025,0
16969,0
8940,0
95018,0
186049,0
169276,0
162689,0
174871,0
157948,0
73470,0
130244,0
174335,0
156770,0
45935,0
135893,0
170676,0
39703,0
58208,0
76142,0
95973,0
95786,0
67658,0
130803,0
22146,0
140,0
4466,0
4832,0
185201,0
51126,0
180380,0
37221,0
14439,0
181289,0
70799,0
44800,0
90669,0
72018,0
54811,0
127902,0
62991,0
157195,0
90075,0
124148,0
7460,0
8118,0
143686,0
179468,0
24367,0
40397,0
68308,0
110226,0
5489,0
160499,0
129652,0
61585,0
201842,0
28624,0
166465,0
68039,0
115436,0
14845,0
167069,0
132335,0
123539,-1
92234,0
50173,0
73794,0
74861,0
63248,0
8289,0
22909,0
5819,0
184624,0
42865,0
77509,0
17822,0
22599,0
120905,0
15982,0
11685,0
8340,0
15598,0
178412,0
99794,0
91757,0
163076,0
85781,0
87376,0
195719,0
131929,0
134693,0
93516,0
169738,0
83293,0
55857,0
204715,0
80370,0
73950,0
100865,0
57643,0
85862,0
92837,0
122003,0
74327,0
19422,0
15479,0
2868,0
78631,0
16420,0
196382,0
19099,0
75477,0
91941,0
102298,0
141707,0
105272,0
6993,0
125127,0
147291,0
626,0
126810,0
26776,0
124013,0
174019,0
185079,0
123771,0
72231,0
172454,0
134465,0
144519,0
8100,0
54719,0
160617,0
189560,0
7758,0
13059,0
125122,0
182551,0
149899,0
200955,0
177342,0
156034,0
37467,0
114958,0
134516,0
81483,0
23297,0
105279,0
121753,0
8871,0
204513,0
29998,0
66918,0
168654,0
4796,0
108525,0
56523,0
171236,0
130679,0
60243,0
162712,0
198023,0
74315,0
152211,0
125421,0
34077,0
9517,0
18634,0
125911,0
182753,0
8836,0
59430,0
172835,0
113386,0
151850,0
166744,0
170745,0
134867,0
204144,0
132632,2
120727,0
118297,0
116326,0
182194,0
21942,0
106879,0
126654,0
142142,0
14901,0
169302,0
48199,0
111392,0
127340,0
84363,0
182401,4
80767,0
97016,0
182122,0
45586,0
20034,0
67096,0
24908,0
87065,0
165778,0
79140,0
162467,0
5358,0
177197,2
63957,0
126822,0
151006,0
96770,0
17738,-1
203158,0
92752,0
18783,0
4215,0
47379,0
105771,0
49842,0
129887,0
185080,0
174798,0
49180,0
39336,0
24806,0
76917,0
85559,0
197699,0
124793,0
182305,0
50753,0
158257,0
27303,0
143249,0
70697,0
48019,0
84505,0
28478,0
7388,0
91209,0
141162,0
201432,0
114354,0
61692,0
76776,0
176003,0
57191,0
91407,0
29672,0
90876,0
78962,0
167081,0
71026,0
90492,0
194250,0
58051,0
167445,0
91030,0
190953,0
196206,0
201763,0
160036,0
150435,0
170620,0
196961,0
47480,0
64782,0
93219,0
160844,0
142748,0
186651,0
37734,0
173411,0
60941,0
95882,0
70309,0
43674,0
59742,0
78639,0
37550,0
163000,0
54159,0
123327,0
62388,0
139320,0
63007,0
23576,0
138956,0
104256,0
96279,0
16783,0
191613,0
33596,0
58965,0
26221,0
114349,0
99040,0
186631,0
198385,0
174065,0
31120,0
71370,0
139691,0
119697,0
92201,0
32820,0
125193,0
154836,0
52548,0
163878,0
191007,0
120267,0
75539,0
40078,0
152185,0
176383,0
4724,0
174065,0
116332,0
198856,0
46538,0
117057,0
182174,0
106611,0
53147,0
153057,0
96102,0
120726,0
69257,0
198930,0
121311,0
1064,0
92068,0
2785,0
81850,0
49086,0
29961,0
16789,0
39486,0
119894,0
154322,0
205006,0
182222,0
141719,0
29438,0
163602,0
166322,0
181759,0
153184,0
190269,0
86111,0
170316,0
64070,0
186460,0
84991,0
4881,0
194980,0
158431,0
3286,0
56447,0
67975,0
31209,0
84734,0
170505,0
154197,0
158107,0
184776,0
154231,0
13994,0
186000,0
172140,0
149399,0
2687,0
75386,0
182819,0
87942,0
31851,0
80639,0
93237,0
88166,0
2,0
171627,0
161435,0
16374,0
129574,0
25870,0
22395,0
179924,0
6131,0
169980,0
11873,0
114919,0
175755,0
121985,0
204765,0
205294,0
124370,0
24993,0
128060,0
66940,0
205013,0
54380,0
128747,0
174794,0
110551,0
81314,0
2264,0
30647,0
11907,0
191660,0
132305,0
140929,0
65070,0
86755,0
73836,0
91049,0
119632,0
25935,0
189103,0
16041,0
160818,0
125179,0
50794,0
5956,0
194070,0
35719,0
45874,0
166866,0
187611,0
132871,0
170992,0
13206,0
100940,0
778,0
69154,0
107345,0
103419,0
135200,0
163880,0
177957,0
113355,0
88409,0
129749,0
61639,0
143217,0
32229,0
121282,0
13211,0
44817,0
187787,0
169907,0
3296,0
47659,0
78001,0
203816,0
55021,0
205031,0
86194,0
169897,0
135642,0
194977,0
19315,0
158495,0
10886,0
185916,0
121818,0
162275,0
68223,0
141567,0
138908,0
27639,0
188012,0
187130,0
91879,0
159795,-1
97116,0
32565,0
144320,0
65466,0
135793,0
98306,0
7389,0
9799,0
67543,0
68634,0
100549,0
127864,0
145838,0
136531,0
34033,0
46847,0
94130,0
84068,0
101565,0
139111,0
5204,0
97000,0
101234,0
97408,0
55021,0
52580,0
188635,0
157006,0
104288,0
50391,0
104011,0
119459,0
62381,3
118713,0
116762,0
51749,0
79465,0
46321,0
73837,0
82966,0
92521,0
112870,0
61879,0
117411,0
135258,0
182915,0
193649,0
72754,0
135813,0
27676,0
13183,0
201754,0
96043,0
204368,0
196225,0
112497,0
176481,0
126540,0
4968,0
57977,0
41548,0
164720,0
187754,0
40928,0
6301,0
68798,0
161537,0
66242,0
203591,0
136992,0
142300,0
87773,0
134677,0
2476,0
193448,0
182401,4
35600,0
87003,0
53075,0
40797,0
184516,0
133699,0
191571,0
77881,0
163428,0
77620,0
69110,0
75204,0
27055,0
150933,0
111516,0
89147,0
22089,0
186500,0
182350,0
189310,0
166129,0
19390,-1
203270,0
142746,0
195293,0
155477,0
46202,0
57964,3
94907,0
77373,0
120363,0
31249,0
9345,0
126538,0
114258,0
26462,0
165623,0
186497,0
122453,0
55089,0
92799,0
28524,0
53392,0
140650,0
195264,0
81901,0
122829,0
103874,0
110938,0
134189,0
74371,0
187943,0
27959,0
126375,0
59692,0
137429,0
170430,0
56197,0
39255,0
50204,0
127796,0
3509,0
70366,0
164675,0
205284,0
66114,0
133488,0
81557,0
34256,0
68973,0
113789,0
39522,0
91910,0
120802,0
23834,0
66995,0
114666,0
187203,0
60995,0
103462,0
72997,0
43265,0
99054,0
36596,0
56332,0
121617,0
2663,0
100875,0
160658,0
91022,0
122878,0
42369,0
98878,0
135079,0
36612,0
118752,0
60715,0
98057,0
136444,0
82828,0
105455,0
185002,0
147988,0
57951,0
64511,0
133147,0
99681,0
73227,0
204996,0
142186,0
44417,0
163810,0
117920,0
204846,0
78281,0
162741,0
110694,0
87528,0
5171,0
94774,0
174549,0
46069,0
154636,5
167092,0
34616,0
142865,0
118751,0
94882,0
16025,0
97289,0
60172,0
48272,0
63789,0
67975,0
177734,0
21787,0
39023,0
57469,0
117710,0
87181,0
179090,0
24532,0
141117,0
19383,0
119835,0
13035,0
50814,0
135625,0
100285,0
96359,0
2926,0
58409,0
10502,0
201287,0
4931,0
110851,0
58110,0
33767,0
77865,0
56550,0
58796,0
10535,0
79762,0
104593,0
78417,0
73573,0
153093,0
93212,0
154976,0
48571,0
189718,0
122541,0
171513,0
60999,0
166292,0
126416,0
126122,0
98590,0
12794,0
84397,0
5329,0
106769,0
158820,0
171791,0
12903,0
138284,0
137716,0
41457,0
201482,0
144794,0
203482,0
127502,0
131590,0
102058,0
191161,0
148361,0
15896,0
20824,0
172876,0
97242,0
69815,0
3665,0
130871,0
67701,0
41738,0
170388,0
85890,0
119748,0
58527,0
149917,0
151149,0
21171,0
44998,0
163400,0
101606,-1
88964,0
157169,0
178016,0
69414,0
76070,0
196939,0
94884,0
190322,0
22510,0
15074,0
4528,0
109986,0
144409,0
129705,0
75709,0
44614,0
15808,0
148286,0
39650,0
65654,0
44301,0
37692,0
35058,0
186463,0
194233,0
46729,0
109383,0
64512,0
169572,0
120529,0
166951,-1
182153,0
78017,0
157943,0
63426,0
165077,0
178326,0
100330,1
171999,0
128198,0
77973,0
138402,0
196704,0
148734,0
62933,0
113565,0
153277,0
81796,0
69667,0
124825,0
196224,0
182552,0
103326,0
79278,0
93729,0
126093,0
20286,0
205759,0
147468,0
102370,0
80842,0
110369,0
198310,0
198026,0
168961,0
114185,0
88928,0
73904,0
43644,0
59450,0
134295,0
184920,0
193576,0
145865,-1
82619,0
88918,0
18530,0
126261,0
137569,0
185017,0
9140,0
108422,0
63246,0
121697,0
42539,0
125421,0
137414,0
44033,0
192470,0
68910,0
195540,0
67626,0
185723,0
192503,0
186650,0
51377,0
24027,0
66482,0
80527,0
71206,0
105651,0
105171,0
109023,0
151628,0
126123,0
56196,0
86643,0
114292,0
5253,0
4152,0
37044,0
49233,0
206102,0
21819,0
168685,0
16742,0
183751,0
94387,0
738,0
79464,0
101623,0
47196,0
84339,0
101659,0
50730,0
11431,0
105805,0
206046,0
181407,0
125710,0
140806,0
69724,0
197286,0
67743,0
48151,0
60683,0
109704,0
59923,0
5050,-1
117090,0
167092,0
185330,0
160977,0
85130,0
120480,0
80145,0
66558,0
68723,0
34249,0
29531,0
133254,0
108281,0
147133,0
111910,0
36040,0
53620,0
17171,0
110824,0
180075,0
111734,0
106860,0
152019,0
160713,0
54969,0
197751,0
11628,0
84989,0
42520,0
49890,0
125504,0
32591,0
196418,0
171379,0
17025,0
160746,0
192218,0
134070,0
18522,0
44171,0
114576,0
159985,0
37116,0
103788,0
116198,0
73898,0
105877,0
85058,0
3787,0
148792,0
123765,0
54380,0
19518,0
176200,0
90345,0
138599,0
136590,0
188037,0
120750,0
5239,0
169045,0
47402,0
93437,0
86532,0
39849,0
54485,0
181456,0
155891,0
12160,0
32266,0
42566,0
76887,0
104078,0
143562,0
72716,0
100361,0
144708,0
175139,0
183751,0
88751,0
23903,0
152296,0
83991,0
9976,0
199790,0
181633,0
203194,0
5756,0
43820,0
12864,0
24766,0
83612,0
104760,0
2799,0
24763,0
67956,0
78836,0
128542,0
133608,0
190178,0
62866,0
45614,0
54915,0
132958,0
1759,0
53160,0
149669,0
165579,0
75393,0
105519,0
195960,0
102401,0
193056,0
41391,0
83965,0
140586,0
201896,0
196562,0
168262,0
56331,0
112123,0
109062,0
34715,0
47303,0
46752,0
191106,0
126305,0
62159,0
30418,0
5856,0
5435,0
40280,0
145127,0
145491,0
43328,0
43318,0
109891,0
12924,0
139579,0
16274,0
166099,0
30500,0
98687,0
95075,0
179359,0
164364,0
110479,0
16795,0
18318,0
179500,0
165146,0
95397,0
113559,0
116280,0
48945,0
87264,0
111267,0
143331,0
889,0
194147,0
146462,0
73686,0
189610,0
33655,0
75161,0
33585,0
4711,0
15542,0
195815,0
159734,0
114460,0
90726,0
32994,0
203350,0
84808,0
114071,0
147855,0
189481,0
42387,0
164784,0
88110,0
158573,0
21096,0
181600,0
181915,0
150193,0
141066,0
152010,0
140698,0
60181,0
190854,0
88461,0
102854,0
69193,0
151647,0
103578,0
59542,0
68764,0
195431,0
35482,0
24319,0
108194,0
145500,0
36872,0
204418,0
124561,0
131570,0
94021,0
153503,0
9186,0
151581,0
96055,0
71459,0
111923,0
15503,0
132575,0
130006,0
189391,0
183274,0
111283,0
47816,0
15470,0
57557,0
194432,0
88423,0
70174,0
38980,0
156605,0
59148,0
127072,0
79695,0
182222,0
22569,0
121293,0
202410,0
168191,0
135639,0
193786,0
159938,0
183381,0
111921,0
12154,0
189993,0
203422,0
104312,0
197945,0
53286,0
164035,0
29631,0
175121,0
48326,0
42141,0
109927,0
29610,0
118186,0
101975,0
508,0
79368,0
31667,0
39256,0
40592,0
166994,0
197041,0
152411,0
12957,0
165953,0
160342,0
63029,0
30474,0
64271,0
77924,0
133546,0
130944,-1
80230,0
69490,0
13666,0
27179,0
136410,-1
48739,0
176086,0
51317,0
59107,0
99680,0
145056,0
18094,0
102537,0
134491,0
196667,0
26423,0
156210,0
187202,0
153209,0
121327,0
42268,0
197477,0
92748,0
117435,0
203613,0
105236,0
88354,0
111336,0
119617,0
83377,0
90155,0
4667,0
137136,0
41142,0
122221,0
49855,0
36495,0
184169,0
108037,0
91891,0
117168,0
203557,0
119429,0
162940,0
165726,0
200078,0
32743,0
178326,0
163850,0
138179,0
159321,0
140536,0
66449,0
13440,0
192747,0
373,0
8967,0
39776,0
201096,0
93115,0
54840,0
113684,0
107888,0
121215,0
13663,0
185298,0
42806,0
95634,0
53829,0
175459,0
110129,0
89815,0
62250,0
102357,0
72664,0
192201,0
105839,-1
12753,0
93508,0
202784,0
11544,0
180026,0
33274,0
106854,0
197510,0
99106,0
159169,0
53645,0
134876,0
95945,0
165591,0
105970,0
101603,0
157073,0
70805,0
188482,0
166310,0
115378,0
100787,0
173284,0
204805,0
100330,1
134322,0
199063,0
84168,0
35979,0
133074,0
114229,0
60290,0
51435,0
51359,0
203040,0
171189,0
32813,0
136878,0
44164,0
9432,0
18582,0
31532,0
163269,0
50917,0
2283,0
150638,0
159244,0
196973,0
58626,0
148788,0
17873,0
134725,0
125653,0
40523,0
187598,0
159610,0
42685,0
204854,0
165813,0
88019,0
142728,0
65823,0
21468,0
107842,0
83945,0
1372,0
162673,0
171758,0
31306,0
146694,0
97839,0
122487,0
21819,0
87703,0
165930,0
162952,0
202872,0
160980,0
113552,0
79363,0
166498,0
83115,0
130414,0
184873,0
35970,0
136536,0
155850,0
35107,0
175238,0
203611,0
201901,0
121250,0
151618,0
152816,0
53556,0
43137,0
150952,0
102296,0
191568,0
121596,0
176567,0
24097,0
28567,0
76180,0
118678,0
150317,0
148016,0
127867,0
22520,0
79008,0
113307,0
196457,0
128372,0
114970,0
70440,0
7711,0
3030,0
36347,0
100576,0
22463,0
187880,0
82944,0
16025,0
178632,0
24140,0
161200,0
42733,0
200286,0
197909,0
33142,0
156240,0
18377,0
77836,0
175585,0
85271,0
34921,0
32402,0
153516,0
89079,0
131854,0
139079,0
162013,0
171461,0
11189,0
70676,0
1659,0
137594,0
17717,0
184051,0
85437,0
65010,0
165045,0
52139,0
174523,0
19467,0
108098,0
113488,0
162819,0
115423,0
66548,0
73019,0
179460,0
56192,0
108330,0
45772,0
142009,0
100108,0
198654,0
76362,0
12833,0
106735,0
196716,0
73026,0
15863,0
107745,0
183261,0
22681,-1
197984,0
30037,0
44217,0
51748,0
27389,0
135328,0
62612,0
55319,0
199897,0
68576,0
11008,0
167245,0
183580,0
138774,0
31116,0
175022,0
122737,0
142123,0
173789,0
69805,0
284,0
149846,0
154246,0
129050,0
86773,0
130316,0
37505,0
143520,0
5295,0
47012,0
20785,0
15289,0
87473,0
127543,0
164694,0
30155,0
102536,0
34856,0
113138,0
133355,0
18332,0
32772,0
121771,0
198013,0
190139,0
93387,0
59538,0
106499,0
47018,0
188675,0
96188,0
3011,0
31572,0
114310,0
137979,0
30037,0
117076,0
192245,0
127161,0
182475,0
163764,0
50628,0
127431,0
12260,0
197842,0
204010,0
34229,0
135367,0
196496,0
27797,0
158562,0
27525,0
124276,0
162561,0
203157,0
114420,0
163775,0
31259,0
184799,0
13749,0
110282,0
169195,0
16390,0
147886,0
153463,0
41642,0
59893,0
153344,0
80621,0
99045,0
68616,0
78154,0
118626,0
184427,0
114322,0
174189,0
1542,0
201377,0
27309,0
41114,0
8766,0
146392,0
129125,0
124257,0
137651,0
110338,0
40278,0
65597,0
75437,0
164153,0
157303,0
51905,0
60132,0
40242,0
134204,0
92879,0
81327,0
84920,0
161351,0
202494,0
13983,0
95515,0
21219,0
120166,0
126763,0
6368,0
44431,0
175112,0
110507,0
48555,0
41457,0
106409,0
143005,0
75938,0
97924,0
56436,0
85395,0
60430,0
134459,0
186354,0
157587,0
49773,0
84638,0
30545,0
159939,0
68742,0
183713,0
204912,0
29569,0
33513,0
100369,0
134094,0
129673,0
79430,0
201865,0
51105,0
169516,0
104288,0
202311,0
14693,0
78877,0
182286,0
191617,0
54366,0
89292,0
170150,0
184933,0
81417,0
100056,0
5119,0
110156,0
130759,0
18812,0
189005,0
167669,0
139598,0
180773,0
158102,0
108065,0
187825,0
49910,0
190736,0
131134,0
88000,0
31782,0
20627,0
145930,0
96740,0
155922,0
201623,0
31317,0
152190,0
23204,0
66621,0
1401,0
92587,0
102806,0
80517,0
142185,0
128974,0
158713,0
43248,0
8238,0
160367,0
138503,0
148666,0
118091,0
22963,0
189416,0
553,0
35729,0
128201,0
37835,0
52722,0
170365,0
96525,0
192329,0
83336,0
2121,0
83351,0
168578,0
162676,0
131095,0
105937,0
149444,0
169669,0
11162,0
89064,0
55141,0
93966,0
192731,0
95580,0
101229,0
54150,0
98989,0
19850,-1
99590,0
133447,0
61110,0
105107,0
164907,0
164969,0
190559,0
152771,0
23346,0
205279,0
141546,0
75328,0
196132,0
110031,0
141108,0
104760,0
78598,0
30219,0
8014,0
58633,0
185334,0
198015,0
48978,0
123700,0
177088,0
122301,0
16791,0
109414,0
180435,0
134150,0
177204,0
175133,0
156526,0
122192,0
164012,0
121466,0
40303,0
190322,0
93101,0
145358,0
149710,0
124778,0
7803,0
80710,0
857,0
98598,0
157621,0
20996,0
173093,0
6899,0
74754,0
69493,0
27955,0
183477,0
197809,0
90291,0
50986,0
123242,0
143288,0
86467,0
93390,0
55147,0
158001,0
85422,0
193527,0
132063,0
151305,0
188952,0
156416,0
80349,0
98651,0
148940,0
19874,0
115121,0
1194,0
2964,0
19604,0
150087,0
193509,0
171184,0
178284,0
92785,0
181155,0
63461,0
48921,0
106580,0
155022,0
10876,0
73108,0
39722,0
134756,0
179693,0
176478,4
199548,0
36069,0
197104,0
69437,0
15212,0
196664,0
1722,0
75860,0
67736,0
11697,0
113176,0
124611,0
84474,0
97249,0
158060,0
53823,0
177097,0
16518,0
41237,0
153865,0
152855,0
102521,0
192234,0
21224,0
133651,0
33290,0
125062,0
15740,0
84652,0
151670,0
62873,0
105367,0
16336,0
137530,0
183713,0
72281,0
5197,0
163393,0
55690,0
50564,0
198935,0
11125,0
107335,0
27675,0
69639,0
44871,0
82557,0
50341,0
177178,0
138209,0
163251,0
197714,0
79476,0
99786,0
175589,0
104256,0
47644,0
139356,0
30330,0
55687,0
154508,0
135321,0
200613,0
133401,0
94439,0
135945,0
141483,0
53479,0
184490,0
183159,0
181540,0
171840,0
145395,0
199156,0
77363,0
50336,0
53790,0
40915,0
155700,0
77812,0
102244,0
140785,-1
98156,0
64749,0
202623,0
129933,0
172596,0
32626,0
126911,0
106142,0
14330,0
84652,0
35909,0
174996,0
174656,0
63407,0
80277,0
197202,0
138999,0
72223,0
17949,0
147059,0
105521,0
172022,0
102915,0
168668,0
197747,0
3822,0
139882,0
187825,0
158552,0
142728,0
203225,0
125291,0
82754,0
20558,0
89568,0
109836,0
94062,0
157060,0
129974,0
195380,0
61236,0
162706,0
115300,0
32236,0
193919,0
156070,0
36335,0
142406,0
142664,0
167427,0
16600,0
181312,0
32099,0
140440,0
132028,0
52963,0
32064,0
35213,0
83299,0
71050,0
132066,0
188342,0
18045,0
59558,0
71097,0
130073,0
94769,0
16482,0
47251,0
14249,0
160672,0
78182,0
132863,0
50675,0
27141,0
191352,0
139510,0
141875,0
117883,0
184475,0
17154,0
99823,0
149788,0
116831,0
99704,0
120955,0
20257,0
118573,0
82794,0
180981,0
2462,0
105171,0
38729,0
48023,0
44197,0
154205,0
161508,0
32237,0
74080,0
115412,0
54688,0
114413,0
12374,0
14343,0
205511,0
169032,0
16475,0
156990,0
40746,0
16772,0
22674,0
156879,-1
99005,0
94973,0
82448,0
188431,0
168497,0
35686,0
14383,0
18887,0
105748,0
119384,0
139874,0
192747,0
40383,0
128468,0
197610,0
5003,0
149807,0
93327,0
87873,0
6786,0
3430,0
22130,0
36356,0
134599,0
170584,0
80993,0
109415,0
22578,0
148671,0
41963,0
193990,0
25025,0
45836,0
86865,0
7445,0
159073,0
147406,0
191097,0
75660,0
67962,0
139029,0
45258,0
96163,0
5329,0
147316,0
186477,0
88965,0
15558,0
10189,0
124819,0
70345,0
37119,0
181412,0
152383,0
91285,0
11665,0
170055,0
165708,0
20036,0
161496,0
134480,0
35258,0
200175,0
202117,0
41294,0
120273,0
201449,0
6637,0
40787,0
254,0
13320,0
1914,0
136357,0
51195,0
23924,0
2465,0
133814,0
46750,0
125846,0
2424,0
96819,0
79027,0
21535,0
169190,0
5151,0
102901,0
96700,0
137135,0
118590,0
109588,0
109739,0
102813,0
57782,0
3721,0
182160,0
2344,0
22130,0
58281,0
8091,0
99546,0
25926,0
84397,0
125976,0
159315,0
39516,0
132155,0
123140,0
159426,0
110808,0
25903,0
56218,0
95101,0
57800,0
26111,0
81461,0
184079,0
3818,0
40671,0
47637,0
45400,0
16524,0
157548,0
159779,0
126310,0
9126,0
48598,0
154162,0
47622,0
190724,0
153606,0
180476,0
161724,0
31989,0
50643,0
148095,0
148277,0
42971,0
170785,0
183425,0
24913,0
96419,0
134575,0
86881,0
181563,0
1093,0
156467,0
42293,0
10521,0
118734,0
50272,0
177387,0
71232,0
132295,0
108271,0
144550,0
79460,0
103281,0
166430,0
57291,0
46605,0
68257,0
37781,0
205543,0
99713,0
60270,0
87411,0
166943,0
80623,0
46291,0
94268,0
53741,0
192882,-1
83319,0
4531,0
136994,0
5358,0
123063,0
187439,0
18563,0
122699,0
44474,0
145819,0
90611,0
76579,0
126473,0
88513,0
161837,0
129006,0
118951,0
140486,0
129036,0
30472,0
18387,0
154,0
206041,0
159169,0
186638,0
64895,0
195854,0
160701,-1
185314,0
129751,0
42826,0
187272,0
85579,0
63685,0
38313,0
142142,0
190051,0
107413,0
96100,0
202580,0
99269,0
103707,0
40496,0
94544,0
36114,0
169258,0
74659,0
51719,0
88999,0
84931,0
76729,0
111293,0
38806,0
73649,0
1036,0
13702,0
128803,0
143788,0
89514,0
157278,0
60691,0
10470,0
78039,0
83451,0
32543,0
48032,0
149983,0
133215,0
128411,0
49597,0
176182,-1
71106,0
174854,0
92074,0
130601,0
98116,0
97453,0
166055,0
122459,0
92945,0
164774,0
194895,0
92152,0
73540,0
151304,0
31811,0
16554,0
7188,0
136534,0
50675,0
198308,0
4983,0
203326,0
101305,0
117026,0
22292,0
123532,0
113246,0
144829,0
86978,0
40858,0
202846,-1
81112,0
167909,0
175143,0
188635,0
125261,0
46087,0
51976,0
2938,0
105895,0
115557,0
168672,0
156846,0
150014,0
17325,0
48140,0
2518,0
167798,0
75415,0
141215,0
179105,0
82848,0
42955,0
201412,0
181051,0
116201,0
26312,0
2496,0
189564,0
205276,0
128415,0
28227,0
169242,0
103571,0
15356,0
95160,0
126743,-1
122877,0
495,0
149942,0
145074,0
39344,0
85731,0
188130,0
9436,0
128851,0
153850,0
24655,0
131002,0
178191,0
157521,0
8417,0
93602,0
41558,0
33452,0
19281,0
68927,0
77545,0
22603,0
3220,0
170655,0
135981,0
183180,0
124721,0
96062,0
86141,0
25803,0
194384,0
56799,0
157064,0
9534,0
27443,0
180743,0
2544,0
163672,0
10791,0
174419,-1
109330,0
157076,0
102073,0
67860,0
144722,0
176611,0
26132,0
53834,0
32007,0
8552,0
178209,0
45956,0
25943,0
157145,0
70217,0
104604,0
58,0
193119,0
71049,0
145724,0
173315,0
184250,0
176749,0
117453,0
160556,0
176139,0
162732,0
176929,-1
128021,0
143218,0
92876,0
182764,0
103949,0
14678,0
22665,0
124700,0
89569,0
197008,0
6972,0
29021,0
96903,0
38030,0
179114,0
202849,0
73545,0
89889,0
8185,0
44605,0
156918,0
185414,0
100160,0
96120,0
198351,0
191884,0
162731,0
113384,0
31891,0
60697,0
48028,0
201103,2
82636,0
27455,0
151319,0
164041,0
41996,0
106143,0
179291,0
185524,0
120779,0
103431,0
58045,0
71532,0
106626,0
118216,0
181770,0
37089,0
35048,0
161916,0
197390,0
162950,0
120449,0
6448,0
9601,0
15734,0
107003,0
60465,0
46255,0
114229,0
190746,0
177791,0
166473,0
195012,0
44031,0
53690,0
188012,0
177914,0
182293,0
95062,0
123688,0
34317,0
175540,0
18556,0
37379,0
134114,0
31350,0
160737,0
59610,0
13596,0
45564,0
14395,0
154746,0
25322,0
80706,0
171586,0
149422,0
156131,0
9794,0
82185,0
81140,0
185723,0
111057,0
39532,0
144121,0
163593,0
182286,0
170718,0
79478,0
98020,0
116857,0
168608,0
89753,0
38588,0
195584,0
47225,0
4383,0
156719,0
58590,0
147845,0
98718,0
114566,0
150789,0
103022,0
38990,0
198209,0
85453,0
162916,0
46193,0
75820,0
47513,0
172681,0
188649,0
186971,0
152709,0
155478,0
172272,0
97176,0
119021,0
159085,0
88230,0
133221,0
168955,0
201861,0
143915,0
100187,0
58871,0
20055,0
158452,0
135984,0
155730,0
169022,0
181970,0
121483,0
112827,0
27596,2
201779,0
1992,0
41356,0
90301,0
48210,0
192950,0
143768,0
182119,0
180098,0
146429,0
148225,0
108741,0
154216,0
33937,0
134984,0
111488,0
35314,0
197190,0
53811,0
50916,0
94497,0
177238,0
136419,0
130903,0
156884,0
42432,0
139134,0
16207,0
99634,0
3049,0
49973,0
13187,0
146671,0
80966,0
181210,0
123325,0
112700,0
105319,0
50491,0
20835,0
81018,0
44167,0
88634,0
188481,0
170854,0
98975,0
158633,0
154464,0
144834,0
75518,0
75809,0
21609,0
71694,0
164422,0
25036,0
157160,0
105279,0
129673,0
97419,0
6437,0
153569,0
118472,0
58821,0
68461,0
59416,0
11442,0
53188,0
687,-1
134153,0
142095,0
185742,0
173023,0
109279,0
193014,0
29971,0
161635,0
98641,0
73496,0
176206,0
35096,0
70435,0
28402,0
28136,0
139733,0
186574,0
73755,0
99990,0
8033,0
57527,0
188933,0
14192,0
53690,0
83068,0
42868,0
196091,0
132429,0
98245,0
64839,0
106704,0
5699,0
42516,0
144935,0
83687,0
111683,0
193686,0
17306,0
168667,0
64542,0
123335,0
191431,0
59400,0
41743,0
40644,0
105719,0
117461,0
47292,0
181691,0
123113,0
40455,0
121087,0
143986,0
127662,0
42784,0
38305,0
65855,0
30425,0
80950,0
23220,0
159117,0
40676,0
97974,0
183782,0
167491,0
29882,0
55818,0
142713,0
12159,0
30418,0
141552,0
158975,0
69359,0
129755,0
122834,0
25811,0
88684,0
74836,0
125355,0
4382,0
122953,0
191617,0
108296,0
39634,0
79871,0
139974,0
88247,-1
30764,0
102638,0
149135,0
131616,0
81358,0
26190,0
180146,0
141701,0
9844,0
59489,0
167777,0
101075,0
113817,0
122565,0
7866,0
156436,0
180499,0
169857,0
199135,0
132363,0
153398,0
79575,0
126126,0
201443,0
189685,0
73501,0
53244,0
80185,-1
83608,0
112022,0
195457,0
173714,0
107678,0
197380,0
98879,0
135385,0
142595,0
39195,0
101605,0
190234,0
124162,0
60053,0
184332,0
151805,0
125037,0
38637,0
134295,0
38999,0
24901,0
195246,0
24036,0
122902,0
102829,0
115236,0
167271,0
21458,0
109007,0
184597,0
53211,0
102470,0
40806,0
76700,0
30240,0
127158,0
188534,0
126054,0
55607,0
25882,0
48226,0
72187,0
100462,0
157389,0
154213,0
136066,0
34680,0
17662,0
36349,0
7219,0
62331,0
88150,0
148966,0
2190,0
112870,0
49311,0
144612,0
174256,0
173687,0
205475,0
95205,0
3036,0
49295,0
189595,0
35852,0
67708,0
66158,2
57340,0
36595,0
93898,0
16866,0
87193,0
114958,0
106595,0
29374,0
64061,0
75451,0
138338,0
92918,0
78692,0
20517,0
15411,0
156120,0
104338,0
5765,0
93474,0
51069,0
70872,0
84111,0
193301,0
172311,0
184461,0
81291,-1
177009,0
1088,0
169683,0
11705,0
124116,0
60713,0
41100,0
157902,0
52820,0
13322,0
33926,0
108979,0
91651,0
116783,0
85125,0
66911,0
22989,0
34000,0
170035,0
72955,0
56220,0
28253,0
196106,0
89933,0
120116,0
168962,0
17988,0
99642,0
85737,0
102860,0
198803,0
18980,0
204337,0
176208,0
8611,0
58813,0
46543,0
83830,0
42740,0
129388,0
18227,0
179066,0
50898,0
146686,0
43003,0
118017,0
46019,0
76233,0
138944,0
4402,0
199209,0
142932,0
16909,0
65526,0
5245,0
187893,0
14876,0
144246,0
97080,0
153627,0
87242,0
57769,0
156205,0
36328,0
84517,0
121546,-1
180062,0
87502,-1
107159,0
181531,0
192262,0
159728,0
50789,0
106852,0
12785,0
177011,0
114788,0
28133,0
130372,0
116331,0
147994,0
202075,0
198734,0
117113,0
180752,0
160002,0
76301,0
158911,0
98573,0
35171,0
119976,0
28628,0
14121,0
78416,0
112686,0
52731,0
98846,0
113011,0
164,0
110479,0
186202,0
89258,0
110673,0
131529,0
156431,0
100381,0
5897,0
174028,0
125424,0
177710,0
45681,0
4706,0
97300,0
31552,0
121862,0
30969,0
85604,0
9577,0
128664,0
110980,0
100936,0
180141,0
77061,0
91424,0
47173,0
94536,0
156181,0
180263,0
119467,0
37223,0
150186,0
76640,0
88099,0
72081,0
43825,0
173874,0
84544,0
43225,0
13538,0
176388,0
174782,0
204315,0
75312,0
93343,0
38838,0
174327,0
172222,0
42327,0
94945,0
142314,0
164413,0
28803,0
119160,0
102660,0
131979,0
904,0
44433,0
147145,0
51023,0
24587,0
183158,0
179534,0
1213,0
200926,0
182206,0
39334,0
193225,0
50534,0
59773,0
17998,0
35171,0
49803,0
79837,0
42307,0
109523,0
108616,0
172076,0
78861,0
154407,0
34196,0
67035,0
46356,0
105929,0
143143,0
10934,0
115140,0
62000,0
59466,0
59909,0
117789,0
17147,0
171111,0
114422,0
192725,0
40278,0
155193,0
14392,0
102527,0
50581,0
101375,0
150431,0
162511,0
23616,0
151845,0
133918,0
163327,0
85405,0
34122,0
65423,0
151921,0
134788,0
26185,0
169548,0
59923,0
77115,0
109642,0
90585,0
99282,0
201185,0
104011,0
168559,0
160579,0
77620,0
130932,0
73433,0
186894,0
147742,0
153670,0
182401,4
143135,0
124038,0
170743,0
47543,0
47447,0
102789,0
157432,0
167645,0
76077,0
94928,0
116984,0
44281,0
181923,0
74273,0
85128,0
49642,0
192729,0
187386,0
60731,0
120638,0
99756,0
165876,0
183402,0
146379,0
52144,0
12564,0
16745,0
165171,0
26846,0
34020,0
47777,0
111442,0
21999,0
62174,0
92974,0
100198,0
169133,0
106639,0
63910,0
107086,0
124306,0
115040,0
18711,0
33957,0
21249,0
141365,0
42151,0
114730,0
184021,0
103022,0
191077,0
158006,0
151124,0
100085,0
173027,0
94172,0
45875,0
56919,0
160617,0
16912,0
41085,0
187163,0
184087,0
103986,0
182843,0
101168,0
50057,0
170657,0
34714,0
108052,0
115586,0
132020,0
32525,0
153841,0
47739,0
197733,0
33317,0
200554,0
51853,0
80424,0
179976,0
66432,0
178847,0
23520,0
43027,0
111669,0
188753,0
122556,0
79046,0
148611,0
59927,0
59882,0
37322,0
83902,0
53601,0
160852,0
118872,0
76401,0
136841,0
147425,0
22388,0
62279,0
83075,0
24713,0
115610,0
42151,0
139365,0
36713,0
76920,0
121210,0
32726,-1
53663,0
191086,0
24420,0
35022,0
187027,0
152059,0
198673,0
25549,0
182393,0
202593,0
54844,0
157484,0
113392,0
86798,0
86100,0
57998,0
160898,0
192700,0
153987,0
157755,0
95881,0
157363,0
5680,0
80338,0
42539,0
80189,0
163278,0
33983,0
26415,0
135813,0
10447,0
3689,0
169204,0
17323,0
171189,0
1272,0
61920,0
147483,0
85446,0
112090,0
182236,0
63077,0
66440,0
33433,0
84967,0
149457,0
110336,0
39254,0
17058,0
129114,0
144446,0
105953,0
65532,0
130731,0
139121,0
61429,0
115441,0
50506,0
198851,0
192287,0
148944,0
168355,0
12487,0
172737,0
47152,0
104136,0
21887,0
94421,0
80266,0
60197,0
194025,0
122244,0
108356,0
70273,0
113352,0
157853,0
23568,0
97674,0
125335,0
78319,0
138553,0
44330,0
44232,0
481,0
126406,0
20903,0
108146,0
119672,0
51377,0
127771,0
162753,0
166390,0
166731,0
49919,0
147355,0
106374,0
202557,0
31355,0
109829,0
103428,0
38783,-1
39943,0
48916,0
89946,0
28085,0
40667,0
193249,0
205032,0
58486,0
15564,0
163782,0
19960,0
95132,0
179958,0
95700,0
167092,0
171316,0
93150,0
65402,0
16011,0
12719,0
159210,0
178325,0
140777,0
149197,0
12671,0
204951,0
35719,0
30311,0
195216,0
179557,0
162048,0
25707,0
136816,0
205280,0
195560,0
34230,0
101250,0
140731,0
73344,0
107523,0
21119,0
188174,0
4625,0
116387,0
30389,0
204632,0
97080,0
193049,0
423,0
126757,0
168167,0
182215,0
52838,0
82545,0
71157,0
161576,0
142003,0
179913,0
148940,0
42087,0
81017,0
80967,0
143871,0
53852,0
196637,0
53496,0
1428,0
159081,0
98941,0
175932,0
146047,0
4336,0
112816,0
46130,0
38120,0
128356,0
148280,0
77157,0
7865,-1
9776,0
140000,0
21321,0
25944,0
137402,0
25998,0
168972,0
20538,0
193253,0
203028,0
180728,0
149535,0
203049,0
130151,0
33935,0
27900,0
195461,0
180448,0
108396,0
40422,0
201386,0
198316,0
143177,0
149753,-1
28665,0
185612,0
156133,0
160468,0
16340,0
105532,0
66673,0
70645,0
127131,0
164757,0
80067,0
183129,0
176059,0
123070,0
158549,0
56022,0
26633,0
57315,0
20203,0
76558,0
162646,0
24629,0
36605,0
184790,0
186573,0
12631,0
119986,0
132383,0
46838,0
59574,0
95575,0
60544,0
5818,0
193923,0
110331,0
174402,0
125774,0
160203,0
38340,0
95725,0
107142,0
28243,0
100848,0
58071,0
99562,0
191642,0
95740,0
21690,0
187170,0
153286,0
193700,0
16274,0
120642,0
138820,0
112264,0
163400,0
40817,0
26440,0
89468,0
35882,0
20339,0
187847,0
114411,0
81625,0
132290,0
63283,0
150794,0
68105,0
109450,0
90337,0
203362,0
191028,0
120236,0
91263,0
165079,0
118707,0
39165,0
100718,0
19465,0
135973,0
50096,0
53862,0
56103,0
167781,0
194130,0
180442,0
139319,0
109335,0
67366,0
81885,0
133670,0
156275,0
91354,0
100660,0
116698,0
130097,0
126331,0
66329,0
138992,0
131668,0
101319,0
75373,0
162611,0
78908,0
63592,0
103734,0
175377,0
77545,0
135984,0
150851,0
62355,0
30294,0
84398,0
11450,0
116762,0
161070,0
95581,0
125000,0
81466,0
134789,0
61444,0
94912,0
77765,0
179846,0
114628,0
81164,0
46935,0
121706,0
115506,0
193372,0
75415,0
90965,0
27767,0
65325,0
129662,0
110103,0
139009,0
18899,0
5279,0
149501,0
180335,0
7309,0
90053,0
198004,0
21757,0
63849,0
153384,0
204038,0
2281,0
53183,0
39002,0
72087,0
155229,0
97802,0
42117,0
59130,0
109058,0
168489,0
114610,0
87360,0
179223,0
113145,0
185842,0
118132,0
171357,0
147698,0
206185,0
88660,0
64267,0
191140,0
21134,0
47165,0
107568,0
183736,0
25487,0
177564,0
146234,0
73429,0
42975,0
135765,0
74502,0
165491,0
178351,0
16417,0
175197,0
29201,0
42450,0
178080,0
117690,0
83135,0
164960,0
155621,0
131391,0
191568,0
116845,0
1766,0
168724,0
185505,0
143225,0
197208,0
11605,0
196932,0
32820,0
39495,0
124648,0
12037,0
175016,0
106185,0
195561,0
196938,0
84321,0
95890,0
182807,0
106947,0
73735,0
48049,0
26370,0
34414,0
147809,0
163677,0
71345,0
152250,0
146479,0
36190,0
88843,0
128612,0
9135,0
30858,0
144975,0
79404,0
35401,0
202781,0
147441,0
197502,0
29841,0
155243,0
32829,0
165189,0
85247,0
62793,0
46739,0
131205,0
194776,0
121972,0
132711,0
20191,0
88288,0
25710,0
202225,0
184248,0
139017,0
2985,0
26953,0
89111,0
134614,0
117356,0
110745,0
196224,0
134749,0
198007,0
22017,0
105794,0
22843,0
202915,0
160524,0
184856,0
43620,0
190131,0
54902,0
7632,0
9250,0
33045,0
172821,0
69920,0
74820,0
69184,0
2777,0
194291,0
12414,0
121113,0
141980,0
163547,0
86774,0
202147,0
153529,0
80378,0
202960,0
87170,0
191383,0
7021,0
28070,0
163907,0
96643,0
35169,0
28421,0
25600,0
131725,0
25403,0
159552,0
108958,0
108699,0
175909,0
205810,0
134421,0
30960,0
120921,0
9798,0
145897,0
4509,0
148787,0
67818,0
8502,0
113618,0
197448,0
104672,0
82925,0
111090,0
104653,0
29332,0
83102,0
160342,0
21651,0
31924,0
59821,0
26718,0
124700,0
53989,0
151317,0
175620,0
197120,0
54317,0
66918,0
165846,0
2649,0
130445,0
109851,0
14659,0
176295,0
79178,0
167390,0
6859,0
132633,0
154916,0
9552,0
148373,0
129731,0
199684,0
63955,0
204690,0
114111,0
200321,0
10447,0
1319,0
56080,0
114835,0
85928,0
67972,0
75089,0
151850,0
61881,0
112522,0
107085,0
162447,0
188102,0
14406,0
185980,0
196913,0
199743,0
117681,0
90531,0
151570,0
4098,0
13112,0
46565,0
188981,0
83954,0
104813,0
45233,0
175947,0
164984,0
76543,0
45075,0
155978,0
172500,0
157290,0
203085,0
48598,0
7336,0
15579,0
202913,0
47138,0
175078,0
31046,0
116885,0
205412,0
85051,0
150073,0
74891,0
80977,0
35551,0
24192,0
175022,0
12662,0
72825,0
66138,0
91773,0
114938,0
180960,0
143196,0
117799,0
20389,0
138610,0
179852,0
143380,-1
94740,0
142243,0
114238,0
136372,0
74741,0
198968,0
23832,0
168955,0
161067,0
97890,0
193122,0
82978,0
22494,0
167717,0
9675,0
80038,0
167313,0
189118,0
171409,0
59205,0
191747,0
206017,0
148675,0
198297,0
63275,0
68761,0
59475,0
145491,0
191750,0
189632,0
108303,0
179678,0
197041,0
49133,0
144481,0
142830,0
76034,0
194664,0
112612,0
44733,0
165391,0
67154,0
29091,0
136641,0
76054,0
183771,0
138873,0
83326,0
113230,0
27466,0
88919,0
86031,0
45760,0
32007,0
72461,0
34393,0
46935,0
30788,0
65726,0
102193,0
121409,0
88280,0
27022,0
99885,0
103669,0
117740,0
155833,0
160511,0
124595,0
161807,0
148068,0
170280,0
183661,0
35345,0
5490,0
87583,0
76213,0
27036,0
163326,0
202168,0
10210,0
141655,0
123474,0
189239,0
16315,0
187255,0
87061,0
42784,0
83447,0
179334,0
175876,0
39351,0
162305,0
193282,0
62929,0
71192,0
149612,0
44429,0
30814,0
139890,0
180792,0
9356,0
189045,0
181881,0
27546,0
304,0
168489,0
135814,0
65235,0
140641,0
18471,0
90957,0
151924,0
4272,0
115010,0
17908,0
151246,0
44935,0
141490,0
96608,0
73080,0
104120,0
19546,0
153833,0
68621,0
165326,0
187407,0
623,0
119114,0
134671,0
166151,0
125525,0
102594,0
111816,0
79961,0
198542,0
73901,0
119456,0
106718,0
205717,0
162344,0
147538,0
84025,0
129176,0
150881,0
169280,0
60875,0
196549,0
182199,0
88003,0
173186,0
99957,0
145321,0
103309,0
158262,0
60478,0
93519,0
18227,0
80067,0
7122,0
196639,-1
147275,0
65847,0
8086,0
23010,0
166966,0
194972,0
88546,0
1456,0
90343,0
107422,0
60003,0
143445,0
59365,0
122891,-1
91689,0
33831,0
93549,0
51138,0
173604,0
16528,0
142850,0
104392,0
6697,0
188011,0
24611,0
103349,0
64908,0
8506,0
150072,0
124059,0
40253,0
92697,0
170271,0
144289,0
96940,0
123301,0
67705,0
135334,0
21040,0
181889,0
205953,0
195317,0
66817,0
101660,0
31552,0
92821,-1
45182,0
172756,0
17337,0
165729,0
191511,0
100716,0
87696,0
24098,0
112429,0
203138,0
14872,0
81762,0
26250,0
80710,0
97163,0
70494,0
171606,0
35662,0
157711,0
165046,0
132275,0
151049,0
64366,0
21999,0
73684,0
150434,0
22906,-1
50299,0
92027,0
80927,0
25676,0
66226,0
9666,0
20081,0
128473,0
79254,0
175694,0
36370,0
205732,0
3090,0
2014,0
43868,0
121471,0
51562,0
9252,0
79428,0
106536,0
89567,0
42835,0
116168,0
177712,0
73769,0
43065,0
48623,0
33075,0
163139,0
45887,0
3830,0
126859,0
22548,0
147906,0
3584,0
100013,0
77636,0
16858,0
201639,0
144451,0
194026,0
13479,0
17603,0
194232,0
82359,0
114984,0
120347,0
186459,0
35097,0
194615,0
100424,0
6744,0
139877,0
26890,0
96196,0
58155,0
34726,0
10102,0
118310,0
132335,0
50708,0
444,0
71867,0
183268,0
144299,0
2771,0
145546,0
147423,0
182286,0
38871,0
171935,0
181782,0
1788,0
164088,0
74950,0
6257,0
43073,0
111002,0
97948,0
6339,0
134911,0
187153,0
135691,0
94036,0
290,0
168036,0
95471,0
76471,0
149747,0
144750,0
108990,0
116476,0
157160,0
179782,0
165982,0
26162,0
106209,0
142518,0
120327,0
143538,0
203487,0
105706,0
198808,0
81353,0
104531,0
169243,0
115627,0
200243,0
27588,0
6010,0
190244,0
54173,-1
132844,0
119967,0
127730,0
119781,-1
78235,0
174412,0
33351,0
109900,0
183927,0
92085,0
80663,0
79350,0
80266,0
2443,0
12080,0
58602,0
103479,0
26508,0
82288,0
74767,2
159658,0
61634,0
68027,0
188128,0
56779,0
107398,0
166563,0
49521,0
191180,0
60816,0
73283,0
56148,0
44803,0
174448,0
107421,0
12087,0
167645,0
182430,0
104928,0
7430,0
157599,0
116342,0
119453,0
133642,0
30889,0
172189,0
171591,0
22614,0
90978,0
108528,0
24767,0
109401,0
54370,0
177936,0
145178,0
158973,0
190920,0
201315,0
118297,0
45035,0
3584,0
48533,0
77390,0
21335,0
741,0
5338,0
122414,0
46549,0
114711,0
30711,0
146696,0
15857,0
102086,0
140130,0
146837,0
172559,0
178687,0
52688,0
164627,0
82834,0
166968,0
9150,0
54258,0
83209,0
83575,0
1527,0
202195,0
197799,0
44349,0
3720,-1
193929,0
167677,0
118134,0
38738,0
120961,0
95861,0
24519,0
191701,0
73608,-1
130937,0
93568,0
113037,0
153996,0
127448,0
187431,0
123751,0
193303,0
183059,0
160274,0
82544,0
1595,0
190854,0
193288,0
43674,0
68243,0
180171,0
124838,0
37264,0
30304,0
198984,0
30516,0
138477,0
135367,0
96949,0
32495,0
4705,0
140194,0
32257,0
191360,0
22883,0
151799,-1
21026,0
10595,0
203666,0
171184,0
190397,0
167156,0
65065,0
74126,0
28745,0
185721,0
46017,0
52111,0
145590,0
94947,0
149996,-1
109543,0
69993,0
123608,0
100151,0
154952,0
10992,0
58324,0
161209,0
144345,0
146015,0
80098,0
115910,0
99564,0
119105,0
44034,0
146361,0
83448,0
8648,0
129064,0
26385,0
35347,0
37949,0
6064,0
67227,0
11415,0
83931,0
72848,0
77,0
159528,0
75159,0
21782,0
86792,0
56045,0
20031,0
67413,0
152252,0
127226,0
118091,0
76144,0
156131,0
105860,0
204075,0
96599,0
29912,0
116596,0
87470,0
193052,0
66356,0
7713,0
47880,0
7235,0
164971,0
10592,0
19090,0
150128,0
476,0
169681,0
46684,0
130385,0
88071,0
83225,0
40620,0
141168,0
19990,0
192010,0
45725,0
137311,0
23434,0
76336,0
79935,0
185734,0
182715,0
60219,0
168453,0
125838,0
62549,0
190363,0
54140,0
30628,0
15236,0
189863,0
124797,0
10934,0
205058,0
119090,0
75984,0
76336,0
76234,0
105039,0
146060,0
164304,0
62723,0
67629,0
191926,0
114111,0
10402,0
152234,0
27877,0
185312,0
150805,0
129802,0
3283,0
174699,0
111544,0
136645,0
52121,0
82106,0
162947,0
89611,0
161770,0
182542,0
23768,0
66945,0
202555,0
144889,0
139083,0
113247,0
61578,0
120382,0
40937,0
143810,0
161918,0
10025,0
88716,0
50846,0
154649,0
35772,0
83273,0
54781,0
70806,0
185091,0
205382,0
5655,0
37846,0
132929,0
40092,0
42860,0
72690,0
1830,0
98907,0
106004,0
121662,0
4441,0
35583,0
31361,0
37509,0
185660,0
19135,0
59524,0
116943,0
58102,0
53525,0
66948,0
51074,0
42712,0
114395,0
13847,0
5613,0
108017,0
147761,0
201270,0
16962,0
193369,0
106961,0
170067,-1
94063,0
62329,0
50467,0
169993,0
73700,0
150103,0
145288,0
158393,-1
33145,0
100982,0
158912,0
195176,0
9554,0
138404,0
144727,0
75472,0
28520,0
95741,-1
124595,0
191443,0
14416,0
165680,0
57255,0
141881,0
194808,0
167567,0
84411,0
132022,0
18393,0
183059,0
140024,0
79591,0
58768,0
173889,0
189442,0
34414,0
119825,0
33942,0
196023,0
205257,0
52782,0
112779,0
34781,0
154044,0
164200,0
83850,0
119628,0
187075,0
146892,0
113901,0
44045,0
142673,0
113186,0
98102,0
21820,0
59367,0
153200,0
52051,0
28871,0
55855,0
95236,0
90551,0
93395,0
1879,0
22457,0
84170,0
17673,0
35048,0
26364,0
205543,0
131432,0
41899,0
55209,0
3417,0
40514,0
55751,0
81989,0
38838,0
26182,0
109483,0
132473,0
43380,0
93777,0
85144,0
150973,0
27631,0
82433,0
84844,0
108838,0
99045,0
95170,0
7088,0
152647,0
117705,0
121783,0
137523,0
1841,0
102115,0
163429,0
62157,0
91860,0
12375,0
137628,0
77889,0
151113,0
24123,0
94266,0
40226,0
46321,0
29370,0
123203,0
181769,0
84357,0
33980,0
167535,0
182206,0
92971,0
185057,0
56827,0
53504,0
52279,0
194406,0
94764,0
125312,0
52337,0
109056,0
9676,0
110437,0
155669,0
70922,0
52889,0
193670,0
10804,0
151071,0
150904,0
89064,0
61305,0
64474,0
161696,0
129127,0
102234,0
140355,0
193706,0
184532,0
132503,0
21582,0
77500,0
199690,0
170882,0
44537,0
205840,0
67691,0
101753,0
201845,0
107730,0
77391,0
201005,0
77714,0
87077,0
24323,0
37755,0
106475,0
135101,0
95902,0
65084,0
23527,0
140986,0
200494,0
58091,0
120938,0
5189,0
53350,0
123461,0
52806,0
189554,0
148248,0
32690,0
104642,0
184124,0
189390,0
13783,0
81547,0
101966,0
74389,0
50637,0
195722,0
128564,0
181587,0
51309,0
67512,0
59974,0
107024,0
106083,0
181437,0
153107,0
111064,0
146119,0
85387,0
95676,0
112415,0
144400,0
77319,0
140461,0
106753,0
66477,0
181384,0
110534,0
161401,0
92093,0
19895,0
64396,0
169731,0
194212,0
64197,0
108071,0
19891,-1
141850,0
200297,0
25627,0
866,0
172868,0
108373,0
190166,0
116046,0
151575,0
25593,0
135852,0
96434,0
113736,0
67036,0
77825,0
122498,0
198502,0
193303,0
36804,0
88504,0
34981,0
203544,0
133084,0
80755,0
31310,0
120713,0
192242,0
105407,0
126782,0
107620,0
81757,0
173301,0
135865,0
134875,0
48683,0
164825,0
55457,0
76678,0
1742,0
41807,0
134432,0
80700,0
188965,0
188898,0
20857,0
60844,0
155283,0
171430,0
47359,0
36667,0
16947,0
108796,0
40604,0
162714,0
143234,0
112622,0
62565,0
156593,0
144421,0
135466,0
45811,0
41781,0
163914,0
74320,0
147264,-1
110703,0
23604,0
168986,0
177922,0
142417,0
98363,0
154106,0
74692,0
111218,0
202379,0
157111,0
150728,0
93530,0
62525,0
86575,0
192218,0
138512,0
164596,0
156331,0
38336,0
55717,0
106055,0
41245,0
81753,0
157988,0
144520,0
161071,0
177122,0
48320,0
111555,0
45674,0
53041,0
50224,0
91544,0
97837,0
56022,0
153107,0
34290,0
80993,0
65603,0
37374,0
20102,0
78827,0
13927,0
128771,0
67827,0
6911,0
195324,0
78112,0
115802,0
103082,0
187305,0
159011,0
204873,0
97025,0
162388,0
183528,0
175519,0
12203,0
122490,0
171125,0
53020,0
158331,0
96062,0
169909,0
150651,0
12184,0
93858,0
136031,0
50141,0
205055,0
160571,0
171627,0
185945,0
15412,0
144538,0
191785,0
135926,0
9222,0
165292,0
95697,0
21221,0
141404,0
64750,0
123251,0
22606,0
184146,0
128717,0
121231,0
172403,0
54285,0
188158,0
83443,0
21975,0
88940,0
93441,0
167030,0
173254,0
112429,0
45936,0
13866,0
53199,0
142620,0
171099,0
79601,0
166835,0
2566,0
5296,0
86067,0
111122,0
147532,0
127178,0
168903,0
120782,0
186445,0
13050,0
136063,0
117349,0
149751,0
96385,0
192983,0
31421,0
206157,0
142150,0
107959,0
82063,0
143196,0
34941,0
90899,0
170571,0
203902,0
135639,0
184495,0
131551,0
40036,0
140946,0
128553,0
167957,0
16378,0
3652,0
162555,0
54886,0
54129,-1
104982,0
3249,0
163993,0
56862,0
26626,0
59498,0
67314,0
149142,0
28063,0
91744,0
119854,0
34153,0
188806,0
141233,0
160153,0
29999,0
78870,0
98538,0
139479,0
151334,0
6808,0
153971,0
72699,0
128627,0
60086,0
151944,0
191513,0
30787,0
84416,0
39226,0
151949,0
18276,0
131176,0
161926,0
48471,0
47917,0
112060,0
67727,0
84989,0
154162,0
192798,0
117918,0
155986,0
153429,0
83822,0
153848,0
61519,0
181019,0
196455,-1
139057,0
144169,0
93581,0
32390,0
175519,0
118730,0
158808,0
73283,0
129747,0
36799,0
139915,0
11432,0
189227,0
139508,0
46286,0
25956,0
58065,0
64593,0
123400,0
69671,0
42990,0
20902,0
60800,0
184281,0
192558,0
99512,0
200723,0
80610,0
43512,0
12855,0
164139,0
86645,0
103604,0
107671,0
164151,0
79848,0
193009,0
199497,0
72490,0
180101,0
122065,0
159101,0
792,0
183143,0
152538,0
52359,0
31403,0
97707,0
153246,0
55474,0
67798,0
101024,0
157259,0
123103,0
83323,0
117076,0
7832,0
187712,0
69239,0
45724,0
189761,0
105919,0
41483,0
155833,0
120034,0
174080,0
165978,0
156720,0
111795,0
179926,0
118736,0
73649,0
177294,0
116343,0
103835,0
114899,0
40996,0
62580,0
89497,0
101703,0
52287,-1
193913,0
151487,0
65681,0
119783,0
2604,0
154561,0
75477,0
99260,0
72307,0
152278,0
62873,0
64316,0
32376,0
85088,0
98150,0
132144,0
137265,0
73084,0
112880,0
133597,0
46118,0
124782,0
159169,0
38313,0
181403,0
56297,0
121669,0
130465,0
3016,0
204894,0
100333,0
33344,0
159189,0
75770,0
111467,0
205680,0
45325,0
143961,-1
137730,0
85802,0
202808,0
192426,0
27451,0
44452,0
96452,0
66509,0
177820,0
7338,0
70730,0
119996,0
101314,0
204368,0
58950,0
170970,0
131385,0
43137,0
151721,0
21274,0
115142,0
36536,0
108457,0
155022,0
129640,0
51566,0
125107,0
95355,0
9726,0
193602,0
137789,0
59464,0
197549,0
198287,0
186236,0
100463,0
44776,0
200001,0
66853,0
133018,0
79587,0
134540,0
9793,0
53744,0
21110,0
177802,0
112159,0
146770,0
59837,0
23990,0
63198,0
55856,0
197510,0
124967,0
99483,0
191648,0
149735,0
36885,0
21707,0
71310,0
38090,0
80806,0
100890,0
21618,0
70989,0
178213,0
34740,0
68470,0
123751,0
168182,0
198571,0
178876,0
74341,0
149949,0
150793,0
164674,0
38189,0
118649,0
80605,0
199598,0
87880,0
121654,0
168388,0
189024,0
168662,0
88792,0
182446,0
153176,0
4901,0
62308,0
52443,0
148561,0
177910,0
126416,0
71950,0
116372,0
203909,0
103332,0
29533,0
204814,0
63308,0
84534,0
160114,0
141298,0
204524,0
10520,0
77182,0
127874,0
62866,0
14549,0
50247,0
190847,0
141830,0
44486,0
116309,0
78723,0
89111,0
49085,0
59115,0
1563,0
118218,0
67414,0
132720,0
55135,0
133091,0
146684,0
179942,0
48969,0
148253,0
186691,0
142348,0
81074,0
178262,0
66878,0
32343,0
114755,0
191182,0
165644,0
14384,0
25124,0
151862,0
163753,0
120712,0
176560,0
143667,0
183570,0
164220,0
175601,0
58969,0
70716,0
4562,0
52383,0
202356,0
23404,0
65195,0
152443,0
174321,0
162016,0
9878,0
19509,0
32536,0
177201,0
157227,0
57392,0
146369,0
178673,0
55709,0
71316,0
139820,0
52287,-1
40828,0
38948,0
203844,0
117086,0
39187,0
148326,0
202263,0
12739,0
118333,0
149753,-1
95412,0
21346,0
49502,0
198349,0
128151,0
142143,0
194102,0
43426,0
184295,0
44033,0
4558,0
172224,0
5498,0
127188,0
109146,0
77353,0
171739,0
168533,0
146385,0
198500,0
66629,0
23190,0
24123,0
187748,0
73010,0
11422,0
122713,0
200016,0
51345,0
8118,0
178679,0
50096,0
29436,0
93372,0
167316,0
52444,0
60791,0
91573,0
197699,0
127296,0
99270,0
117615,0
45088,0
140081,0
13862,0
27704,0
110181,0
124307,0
135272,0
188575,0
111410,0
84946,0
46967,0
56165,0
88035,0
153721,0
16788,0
187895,0
69144,0
16663,0
42604,0
85905,0
41157,0
196733,0
79556,0
39475,0
129838,0
3598,0
119338,0
85798,0
20502,0
115564,0
121753,0
122895,0
56463,0
165274,0
140696,0
122265,0
63751,0
133958,0
193791,0
43418,0
101601,0
11993,0
135570,0
164985,0
163821,0
85577,0
66629,0
196254,0
183221,0
111064,0
11409,0
198584,0
172221,0
101319,0
130398,0
92842,0
132346,0
62507,0
84957,0
132861,0
38028,0
33902,0
868,0
147849,0
72592,0
103689,0
82598,0
5328,0
142142,0
31583,0
134812,0
175469,0
136447,0
76297,0
39748,0
145444,0
38812,0
101125,-1
200482,0
113871,0
48201,0
184197,0
99757,0
192094,0
50481,0
35760,0
31632,0
125314,0
24871,0
89127,0
123389,0
184040,0
36677,0
134721,0
194662,-1
194670,0
11177,0
93109,0
155698,0
104307,0
136891,0
164444,0
188525,0
120526,0
138249,0
163105,0
30977,0
74547,0
192421,0
86503,0
78630,0
21553,0
98208,0
53782,0
178612,0
132185,0
52348,0
114922,0
93551,0
149465,0
89671,0
152985,0
46836,0
150888,0
185418,0
95394,0
139510,0
108804,0
46163,0
77592,0
122231,0
184974,0
176459,0
35744,0
26859,0
132921,0
175755,0
105063,0
117113,0
176061,0
101677,0
53472,0
21162,0
176749,0
140630,0
178817,0
85452,0
87260,0
193953,0
79754,0
43051,0
157643,0
184924,0
138531,0
4166,0
184877,0
32953,0
187433,0
57405,0
63177,0
202571,0
204099,0
25628,0
43418,0
176941,0
32167,0
56487,0
179601,0
132360,0
54111,0
280,0
66713,0
99900,0
77542,0
66671,0
204026,0
177855,0
200074,0
163485,0
73579,0
115109,0
101696,0
155082,0
10804,0
19500,0
163067,0
137183,0
12856,0
90512,0
154574,0
161027,0
58898,0
77912,0
5051,0
57123,0
41952,0
76717,0
180630,0
33818,0
82150,0
29330,0
158373,0
60631,0
72385,0
58169,0
130527,0
168446,0
40425,0
115793,0
172955,0
46514,0
179606,0
110956,0
20777,0
146170,0
9552,0
121465,0
154459,0
77750,0
147136,0
55673,0
61939,0
98988,0
40846,0
123838,0
191512,0
35511,0
170653,0
200034,0
96407,0
44404,0
85670,0
63960,0
12184,0
137142,0
173118,0
41126,0
144784,0
18291,0
193708,0
165134,0
133618,0
59819,0
121283,0
205287,0
195632,0
90343,0
63162,0
101005,0
57619,0
117027,0
33804,0
175292,0
47961,0
165478,0
3051,0
157655,0
106455,0
180364,0
191378,0
149254,-1
156045,0
203239,0
10054,0
102901,0
16184,0
8768,0
82229,0
100287,0
192671,0
2522,0
162660,0
205668,0
171168,0
60617,0
108539,0
155424,0
9233,0
67543,0
88126,0
107124,0
105539,0
131199,0
134578,0
133036,0
20958,0
83145,0
102502,0
180444,0
32349,0
203962,0
192693,0
154686,0
57997,0
123959,0
9825,0
49084,0
97769,0
68268,0
76679,0
91318,0
28555,0
168633,0
157343,0
198348,0
170798,0
119883,0
192827,0
204124,0
189949,0
65313,0
156958,0
124440,0
181382,0
14501,0
92652,0
50506,0
101476,0
205262,0
144690,0
204776,0
27208,0
97919,0
184696,0
62561,0
130587,0
3737,0
108451,0
33900,0
48370,0
31085,0
132575,0
94398,0
115969,0
57130,0
53694,0
68125,0
191883,0
91941,0
46691,0
116374,0
134968,0
158975,0
87662,0
61597,0
146613,0
192245,0
111789,0
94772,0
187726,0
196675,0
98436,0
59112,0
171767,0
162220,0
186065,0
126056,0
64225,0
134385,0
181484,0
43851,0
141533,0
174450,0
98444,0
26340,0
86965,0
175975,0
41556,-1
163810,0
14133,0
165708,0
195057,0
197608,0
188724,0
190036,0
100710,0
62527,0
148472,0
108089,0
94028,0
172294,0
177426,0
11912,0
145841,0
16087,0
10635,0
102389,0
186544,0
32483,0
159011,0
62922,0
113409,0
125569,0
20636,0
103182,0
115691,0
182286,0
165291,0
10595,0
95310,0
36494,0
160745,0
146232,0
95112,0
172922,0
89753,0
67807,0
30708,0
138488,0
34471,0
51272,0
119235,0
117402,0
45008,0
125631,0
165476,0
198661,0
112672,0
74575,0
16495,0
144301,0
155860,0
126715,0
99963,0
170803,0
16247,0
152436,0
170583,0
32257,0
67716,0
58192,0
179529,0
23093,0
80727,0
79708,0
16347,0
99402,0
200697,0
58992,0
17919,0
107704,0
31549,0
37159,0
66490,0
168299,0
136170,0
146754,0
61956,0
163829,0
159875,0
95594,0
168865,0
10313,0
179529,0
97596,0
176907,0
71743,0
67823,0
111144,0
202227,0
11888,0
94556,0
1147,0
15023,0
65694,0
69770,0
100935,0
120849,0
29737,0
90216,0
20812,0
1776,0
27441,0
68071,0
83200,0
29513,0
122579,0
63499,0
23995,0
46316,0
90074,0
196118,0
59425,0
69944,0
77592,0
11431,0
169576,0
69795,0
105931,0
183885,0
35067,0
9534,0
52765,0
165932,0
42260,0
62719,0
5637,0
192602,0
133113,0
195189,0
205080,0
151292,0
125253,0
18066,0
179090,0
14385,0
96518,0
125145,0
48201,0
36281,0
196655,0
67418,0
104060,0
137928,0
29033,0
83303,0
38503,0
193008,0
80672,0
27062,0
44979,0
75984,0
78616,0
176739,0
97436,0
107288,0
38167,0
98743,0
143994,0
20873,0
65767,0
76629,0
50099,0
59398,0
156052,0
194688,0
162134,0
145905,0
71598,0
89039,0
92057,0
175059,0
101658,0
30487,0
120935,0
50081,0
80064,0
37192,0
158643,0
147760,0
16553,0
56592,0
110268,0
110181,0
149107,0
38394,0
192725,0
190074,0
16603,0
55049,0
92401,0
34582,0
3068,0
61357,0
44736,0
53402,0
193663,0
5913,0
41587,0
197591,0
197325,0
135528,0
143752,0
155364,0
24720,0
68629,0
38551,0
161101,0
103196,0
37033,0
171148,0
184473,0
23561,0
187503,0
158550,0
74607,0
129705,0
100926,0
180126,0
43062,0
39720,0
15906,0
190510,0
165175,0
118663,0
66508,0
158561,0
84098,0
178267,0
132243,0
147051,0
35461,0
89767,0
50027,0
136667,0
145204,0
189170,0
121840,0
14516,0
105915,0
105338,0
20082,0
151973,0
88797,0
27908,0
156328,0
60550,0
115987,0
161209,0
178313,0
173666,0
110876,0
46322,0
68641,0
105532,0
197194,0
18446,0
164918,0
38758,0
125472,0
103219,0
113101,0
160250,0
146814,0
42201,0
69268,0
112540,0
91184,0
30896,0
89246,0
166275,0
78147,0
90780,0
99962,0
110088,0
108446,0
123492,0
202384,0
21052,0
189053,0
9575,0
156487,0
186419,0
2079,0
204253,0
36487,0
54959,0
21648,0
884,0
89451,0
196148,0
14435,0
106181,0
52123,0
58894,0
105643,0
205897,0
46354,0
151163,0
75096,0
103074,0
50598,0
98628,0
194233,0
29391,0
155321,0
94508,2
75651,0
41120,0
10142,0
109959,0
165413,0
199684,0
113321,0
104226,0
29711,0
121027,0
129870,0
9007,0
14156,0
185128,0
12652,0
21442,0
126715,0
34929,0
203241,0
117859,0
95812,0
182741,0
69536,0
58627,0
44467,0
183824,0
6495,0
9176,0
103970,0
68589,0
78778,0
101969,0
134692,0
194048,0
148273,0
26029,0
93130,0
196825,-1
174006,0
161852,0
11001,0
20763,0
93443,0
135091,0
26707,0
51872,0
50374,0
171590,0
179922,0
132836,0
55177,0
169272,0
198649,0
54214,0
40558,0
103553,0
162413,0
117075,0
11198,0
26074,0
185076,0
113749,0
65755,0
150849,0
115963,2
25793,0
140882,0
135865,0
174212,0
54237,0
72507,0
190486,0
69802,0
161095,0
64423,0
171952,0
104357,0
203527,0
39902,0
33068,0
66368,0
59582,0
134433,0
21313,0
95000,0
141181,0
173724,0
174001,0
7632,0
10635,0
145000,0
141606,0
146885,0
100071,0
47528,0
58944,0
11157,0
97781,0
203516,0
102701,0
80861,0
157870,0
95119,0
39306,0
18418,0
149137,0
127065,0
118295,0
165932,0
163080,0
141634,0
120582,0
145332,0
177988,0
49890,0
145500,0
66522,0
116592,0
60049,0
46696,0
18589,0
191250,0
201229,0
142223,0
118328,0
104698,0
1553,0
140805,0
4734,3
97281,0
108194,0
72881,0
188795,0
59464,0
14411,0
65557,-1
101161,0
66111,0
182611,0
91387,0
49574,0
121055,0
45004,0
187169,0
182539,0
123268,0
152857,0
181819,0
60932,0
199492,0
149644,0
25361,0
112738,0
124188,0
206,0
50009,0
99132,0
173075,0
149742,0
61084,0
142025,0
205417,0
136402,0
78562,0
191820,0
84787,0
154492,0
66879,0
8187,0
4809,0
166264,0
162779,0
84092,0
138812,0
81828,0
156510,0
194136,0
22880,0
81327,0
183111,0
147012,0
81439,0
27697,0
161692,0
159841,0
117730,0
83093,0
28662,0
187621,0
140946,0
93471,0
167221,0
128363,0
53079,0
77353,0
189098,0
52472,0
90996,0
110394,0
112911,0
147291,0
35444,-1
36162,0
109953,0
156138,0
192950,0
167097,0
168970,0
183580,0
63031,0
74083,0
85862,0
38663,0
186304,0
11092,0
86248,0
39117,0
161666,0
121981,0
31977,0
189443,0
27300,0
109926,0
63078,0
89346,0
187152,0
83617,0
118908,0
127201,0
86780,0
133285,0
116069,0
83135,0
139637,0
201235,0
50628,0
8312,0
184028,0
6808,0
96552,0
68209,0
125278,0
33060,0
84364,0
53821,0
203381,0
82495,0
198598,0
50087,0
24862,0
17540,0
70821,0
50801,0
134008,0
60942,0
43892,0
120880,0
112423,0
140675,0
58965,0
63423,0
34065,0
199535,0
152085,0
165752,0
44822,0
202034,0
194055,0
68302,0
115066,0
103326,0
36917,0
198597,0
8422,0
109373,0
108681,0
205087,0
60544,0
193317,0
56081,0
139882,0
95817,0
144520,0
52340,0
179549,0
76978,0
190449,0
9229,0
192230,0
135091,0
19837,0
26768,0
61529,0
156853,0
24162,0
44563,0
33828,0
2184,0
97501,0
154822,0
106876,0
149481,0
138661,0
32378,0
24579,0
128717,0
95013,0
81844,0
144543,0
166954,0
53711,0
100213,0
38551,0
121615,0
171627,0
76115,0
23578,0
151063,0
94839,0
67912,0
42381,0
112872,0
103951,0
164055,4
27104,0
16918,0
41048,0
132372,0
143402,0
17555,0
134183,0
35361,0
122428,0
87686,0
197050,0
52456,0
45006,0
23365,0
34654,0
29568,0
32963,0
26019,0
81086,0
5684,0
116565,0
29589,0
112211,0
39115,0
131318,0
110194,0
1563,0
152518,0
154029,0
140093,0
66872,0
48897,0
162652,0
153322,0
143443,0
113176,0
62215,0
115417,0
181597,0
10726,0
192176,0
162290,0
165518,0
42254,0
157322,-1
44012,0
18841,0
61841,0
152715,0
5698,0
85184,0
33487,0
48808,0
46927,0
174806,0
197470,0
161450,0
60089,0
85903,0
67811,0
1759,0
65325,0
18775,0
59368,0
24043,0
153100,0
34284,0
129951,0
156461,0
163042,0
38313,0
53673,0
82572,0
205072,0
92862,0
20659,0
35718,0
40505,0
144493,0
134084,0
160599,0
203581,0
44488,0
161807,0
96180,0
86895,0
106107,0
23933,0
156837,0
90080,0
144525,0
161474,0
50095,0
103819,0
94679,0
10499,0
194219,0
110808,0
161178,0
190058,0
63652,0
193843,0
50719,0
205213,0
170293,0
142856,0
147038,0
54588,0
36134,0
104746,0
6244,0
110323,0
41078,0
80984,0
10064,0
29223,0
138445,0
188003,0
198426,0
164588,0
149095,0
7913,0
94921,0
180856,0
181179,0
26443,0
192671,0
54330,0
198077,0
144869,0
78619,0
186437,0
4130,0
67658,0
122539,0
143041,0
86338,0
176974,0
183288,0
36069,0
10102,0
151681,0
11041,0
41043,0
42920,0
14952,0
183867,0
170210,0
151598,0
54055,0
132543,0
55007,0
70607,0
93523,0
72361,0
22647,0
162482,0
47227,0
139237,0
34256,0
124872,0
176845,0
141846,0
77179,0
128334,0
128372,0
2579,0
176923,0
59517,0
150407,0
138624,0
104312,0
111094,0
22626,0
39853,0
28342,0
113552,0
161872,0
184669,0
28495,0
185423,0
117924,0
117882,0
163927,0
104496,0
116840,0
27368,0
190672,0
26709,0
133728,0
27789,0
154204,0
14365,0
141333,0
181526,0
49185,0
75389,0
115862,0
197668,0
34095,0
112282,0
96877,0
73065,0
77437,0
199776,0
175865,0
159145,0
152890,0
108637,0
186832,0
120725,0
99984,0
142150,0
177443,0
185457,0
28951,0
115882,-1
74062,0
133321,0
102987,0
97299,0
22588,0
81146,0
67866,0
94413,0
148861,0
14552,0
38999,0
179980,0
6362,0
108390,0
163819,0
67869,0
89920,0
115693,0
163513,0
45454,0
146497,0
159651,0
55794,0
176622,0
153965,0
101017,0
42259,0
198729,0
143085,0
89511,0
90253,0
129343,0
55328,0
33115,0
47377,0
16016,0
53041,0
83140,0
132274,0
107458,0
8198,0
179187,0
155339,0
71072,0
86599,0
131880,0
87709,0
189671,0
45157,0
102211,0
115199,0
41523,0
91651,0
50838,0
199959,0
124378,0
17983,0
197848,0
120572,0
37577,0
27917,0
112095,0
117366,0
151221,0
98503,0
161366,0
118359,0
5599,0
90941,0
16177,0
120116,0
161733,-1
21782,0
177174,0
129047,0
50435,0
20611,0
115108,0
197817,0
71257,0
68248,0
79749,0
180082,0
120265,0
154647,0
131593,0
91972,0
188793,0
192385,0
72346,0
165932,0
157781,0
444,0
134713,0
145409,0
172607,0
171458,0
65047,0
77545,0
83993,-1
6268,0
32548,0
23969,0
64226,0
194121,0
7262,0
172843,0
148812,0
123532,0
159383,0
176881,0
144340,-1
110457,0
132344,0
160748,0
131977,0
59056,0
46264,0
41517,0
129050,0
205442,0
186497,0
50851,0
22308,0
170164,0
45719,0
120292,0
106851,0
182480,0
18807,0
162282,0
26898,0
129887,0
142300,0
121311,0
114047,0
143719,0
79324,0
125483,0
92820,0
16935,0
177122,0
101965,0
46987,0
20057,0
107523,0
2163,0
180745,0
74547,0
155031,0
89289,0
205244,0
62416,0
9676,0
65835,0
120253,0
143525,0
21023,0
100675,0
140153,0
58889,0
62674,0
150640,0
34844,0
115680,0
92315,0
51535,0
15078,0
181560,0
40368,0
40033,0
77884,0
86293,0
180454,0
154482,0
7397,0
143099,0
52287,-1
47416,0
59951,0
70580,0
179342,0
133755,0
193749,0
79695,0
158925,0
12942,0
41043,0
144548,0
47611,0
53673,0
128714,0
47972,0
127304,0
11883,0
140954,0
51375,0
48656,0
153705,0
145336,0
93280,0
34252,0
147590,0
66916,0
184856,0
71112,0
173625,0
140234,0
156981,0
171492,0
159846,0
98971,0
118110,0
173907,0
128327,0
69294,0
149575,0
3007,0
142590,0
64611,0
76784,0
180876,0
147594,0
26698,0
35847,0
82452,0
44918,0
152790,0
1491,0
125120,0
92432,0
83588,0
33907,0
106583,0
192171,0
98317,0
88617,0
54859,0
110956,0
50817,0
183723,0
190014,0
52671,0
119835,0
189831,0
74013,0
109878,0
117898,0
60399,0
2495,0
175203,0
120230,0
57961,0
42676,0
105651,0
178911,0
43768,0
183734,0
120756,0
201901,0
186599,0
16023,0
184391,0
26086,0
21763,0
101597,0
161872,0
182761,0
164008,0
83722,0
42387,0
151762,0
10027,0
110893,-1
190288,0
107699,0
85714,0
109118,0
52404,0
181143,0
163972,0
26576,0
53295,0
66536,0
182083,0
70169,0
165534,0
169349,0
188886,0
127559,0
151471,0
67362,0
126913,0
20454,0
156175,0
114118,0
134259,0
195352,0
14602,0
152144,0
102400,0
148475,0
71387,0
155723,0
68958,0
85010,0
74642,0
55456,0
174184,0
4762,0
73686,0
179379,2
118589,0
133506,0
22646,0
54588,0
91312,0
197076,0
95992,0
18018,0
158238,0
47788,0
202390,0
199955,0
6494,0
37302,0
168095,0
185459,0
161344,0
32168,0
5328,0
160317,0
44376,0
92131,0
25022,0
159105,0
100518,0
49454,0
136195,0
198613,0
20859,0
116007,0
1597,0
132040,0
54599,0
112621,0
18773,0
141359,0
94665,0
189781,0
123291,0
186968,0
40720,0
4499,0
18131,0
155981,0
95951,0
67677,0
5731,0
20834,0
109370,0
145785,0
197530,0
168938,0
63080,0
64371,0
59180,0
105172,0
19538,0
45998,0
23413,0
22306,0
196233,0
173374,0
202926,0
153970,0
100270,0
179905,0
44455,0
184357,0
111846,0
126441,0
173545,0
120184,0
75711,0
141353,0
174854,0
156882,0
54271,0
25796,0
71824,0
126178,0
76815,0
116945,0
52293,0
108422,0
146704,0
195622,0
174355,0
13489,0
159091,0
91075,0
129625,0
25980,0
199213,0
82769,0
181502,0
88823,0
193157,0
43505,0
134785,0
42614,0
190777,0
26785,0
186376,0
77417,0
21660,0
199885,0
130225,0
92954,0
144999,0
46940,0
46257,0
39543,0
91263,0
72534,0
48065,0
50460,0
165560,0
173344,0
14075,0
36269,0
122187,0
49968,0
116438,0
45771,0
59661,0
165449,0
79964,0
82356,0
76399,0
163033,0
40328,0
110878,0
23037,0
30478,0
121855,0
204045,0
136047,0
78726,0
52672,0
37791,0
162677,0
113395,0
115595,0
32671,0
105834,0
3798,0
83869,0
53805,0
35454,0
3201,0
74902,0
80440,0
61021,0
194964,0
146300,0
111089,0
127988,0
141149,0
121353,0
81247,0
145022,0
32146,0
126154,0
2115,0
134345,0
33220,0
181882,0
155918,0
124124,0
114084,0
15124,0
188012,0
85984,0
143415,0
127301,0
100854,0
9092,0
80057,0
101309,0
199998,0
42058,0
143538,0
114826,0
104484,0
136543,0
144559,0
13970,0
198114,0
68402,0
21847,0
54988,0
107544,0
67657,0
39702,0
59490,0
86364,0
196796,0
138651,0
111260,0
84398,0
145258,0
119443,0
174375,0
25499,0
114502,0
20730,0
166685,0
76386,0
109790,0
187604,0
193551,0
61806,0
122211,0
105722,0
103208,0
182370,0
46614,0
40408,0
13066,0
175941,0
184659,0
125811,0
179824,0
194598,0
48832,0
127493,0
111322,0
121551,0
22865,0
34713,0
148650,0
135055,0
180075,0
42033,0
106101,0
12759,0
99369,0
180979,0
94502,0
136379,0
67227,0
163324,0
6819,0
199476,0
120629,0
140767,0
63956,0
70265,0
8359,0
141916,0
190393,0
70281,0
183111,0
119015,0
68445,0
24236,0
96838,0
59936,0
201685,0
89960,0
164252,0
140597,0
11507,0
104721,0
146462,0
161557,0
134542,0
6396,0
145278,0
165106,0
130838,0
96734,0
131861,0
15744,0
67040,0
72745,0
141734,0
192931,0
110936,0
39494,0
147641,0
75707,0
189147,0
184347,0
118350,0
120253,0
32515,0
11880,0
144092,0
88409,0
17115,0
160726,0
96770,0
197784,0
138079,0
137629,4
60208,0
87238,0
25263,0
90047,0
122160,0
59180,0
93983,0
127201,0
178145,0
191825,0
56819,0
128340,0
36636,0
92331,0
124481,0
97439,0
154127,0
38,0
72678,0
33510,0
115675,0
159129,0
8930,0
142856,0
53694,0
180094,0
145986,0
40279,0
14387,0
40295,0
62089,0
79240,0
141195,0
94533,0
2800,0
24081,0
9680,0
37592,0
111646,0
75220,0
162869,0
47376,0
193045,0
104630,0
63014,0
154359,0
175203,0
73568,0
110485,0
70862,0
72204,0
85184,0
108352,0
133868,0
202554,0
56017,0
149451,0
156743,-1
177981,0
937,0
142992,0
101124,0
30376,0
59971,0
195962,0
175751,0
147856,0
42630,0
107583,0
27084,0
156482,0
79847,0
36844,0
47934,0
35983,0
192716,0
87745,0
49237,0
203839,0
121503,0
82906,0
172345,0
194241,0
163139,0
117065,0
160639,0
22037,0
106804,0
101762,0
6410,0
34690,0
51878,0
4610,0
6800,0
198222,0
52038,0
142039,0
153434,0
200407,0
11771,0
147873,0
168456,0
177063,0
84331,0
11587,0
159953,0
150036,0
46208,0
94070,0
100343,0
159974,0
183126,0
51124,0
54988,0
204879,0
39648,0
75705,0
19910,0
21963,0
85144,0
73459,0
71798,0
7806,0
189408,0
119148,0
78134,0
64475,0
125364,0
79101,0
30344,0
112047,0
133326,0
62539,0
29290,0
177893,0
39766,0
96296,0
87341,0
152669,0
106483,0
97608,0
25290,0
175159,0
7120,0
74245,0
97978,0
162746,0
32970,0
170650,0
43736,0
40236,0
175427,0
176804,0
34460,0
4294,0
187337,0
22077,0
166494,0
77924,0
203567,0
75200,0
189966,0
153471,0
159387,0
39368,0
81065,0
162538,0
43646,0
159015,0
156191,0
188127,0
10358,0
66509,0
68439,0
83167,-1
197431,0
102774,0
154683,0
70063,0
87858,0
187550,0
154910,0
112291,0
45522,0
191927,0
152733,0
11178,0
115330,0
122788,0
164271,0
172332,0
19751,0
22140,0
158415,0
205300,0
15969,0
125257,0
56917,0
110028,0
172744,0
29192,0
135331,0
145848,0
155217,0
181793,0
199275,0
205511,0
142025,0
106654,0
42517,0
91879,0
65890,0
148658,0
85261,0
30906,0
119996,0
102089,0
127968,0
77747,0
5510,0
144450,0
110282,0
189858,0
165344,0
93655,0
59794,0
171080,0
106155,0
198422,0
444,0
33059,0
152889,0
63992,0
135545,0
168191,0
29581,0
182373,0
132978,0
73667,0
117,0
110673,0
87304,0
170930,0
58817,0
97669,0
31583,0
131567,-1
81228,0
197267,0
23701,0
109619,0
41534,0
45737,0
122940,0
201534,0
149415,0
5932,0
787,0
130137,0
24876,0
1035,0
187894,0
204172,0
3275,0
181640,0
55349,0
162857,0
84573,0
59148,0
85049,0
149378,0
61248,0
193317,0
77160,0
179380,0
35642,0
189034,0
41064,0
43851,0
188078,0
21542,0
185774,0
42086,0
159704,0
33191,0
40266,0
152470,0
3659,0
6713,0
34503,0
177633,0
91032,0
7227,0
46003,0
193647,0
188191,0
111524,0
183173,0
162252,0
194500,0
137628,0
13048,0
15667,0
117863,0
198567,0
24162,0
64515,0
103069,0
34161,0
47546,0
134911,0
33649,0
33577,0
186980,0
186193,0
136270,0
85534,0
159863,0
85891,0
115048,0
53644,0
195240,0
23170,0
105161,0
170435,0
179108,0
65835,0
92197,0
100327,0
102193,0
170130,0
26823,3
19195,0
10317,0
171153,0
10159,0
161560,0
119307,0
146297,0
203781,0
38521,0
21958,0
29969,0
56896,0
91471,0
186870,0
84621,0
195012,0
104004,0
46506,0
100413,0
103717,0
184858,0
155597,0
184951,0
189071,0
93053,0
47035,0
74430,0
146910,0
7959,0
64071,0
11567,0
113769,0
164265,0
204299,0
133609,0
4879,0
70749,0
101191,0
81499,0
13314,0
183442,0
194132,0
82544,0
67551,0
2648,0
203858,0
70096,0
111092,0
119162,0
59718,0
149913,0
44122,0
71100,0
182094,0
107377,0
149053,0
40580,0
52089,0
36585,0
121374,0
156120,0
107553,0
108703,0
73609,0
61671,0
81226,0
99250,0
155079,0
35072,0
152158,0
156146,0
204736,0
66878,0
146192,0
53098,0
7062,0
146167,0
113496,0
150137,0
194547,0
162363,0
204300,0
36209,0
74547,0
136526,0
83518,0
167227,0
78519,0
30098,0
196886,0
1242,0
172235,0
59507,0
77671,0
194960,0
149081,0
33119,0
176105,0
97290,0
41311,0
125009,0
204246,0
146381,0
132057,0
62156,0
153561,0
180334,0
123496,0
171261,0
24557,0
161742,0
87184,0
118962,0
131956,0
182266,0
129619,0
69367,0
121979,0
79921,0
90982,0
61750,0
99423,0
3128,0
140946,0
12071,0
148359,0
4194,0
19224,0
83676,0
174275,0
138126,0
18892,0
95710,0
11025,0
120927,0
132094,0
56062,0
168853,0
28626,0
110254,0
128128,-1
67809,0
130475,0
156395,0
7216,0
162337,0
167614,0
91188,0
88350,0
130745,0
102872,0
173805,0
130403,0
7248,0
147206,0
81155,0
183376,0
75126,0
99896,0
187017,0
25476,0
186788,0
67552,0
153958,0
128453,0
109016,0
142937,0
19999,0
91147,0
1240,0
14727,0
8340,0
32463,0
2175,0
35821,0
58285,0
190331,0
31133,0
155167,0
84571,0
189503,0
194053,0
100080,0
14386,0
170970,0
130129,0
178263,0
142726,0
162759,0
8273,0
136488,0
1702,0
63740,0
140893,0
54844,0
12881,0
38739,0
142289,0
55998,0
169265,0
132417,0
161977,0
30918,0
198897,0
38151,0
66956,0
40420,0
193520,0
132154,0
32223,0
136307,0
137036,0
74792,0
46506,0
87216,0
157719,0
38017,0
131211,0
201744,0
189175,0
36643,0
78520,0
47855,0
152993,0
49920,0
10429,0
17360,0
190200,0
155566,0
150614,0
157745,0
130635,0
37618,0
44780,0
150547,0
17888,0
3220,0
37142,0
187994,0
46635,0
134419,0
17354,0
166563,0
84604,0
157260,0
157463,0
109410,0
52953,0
172476,0
135650,0
83659,0
45083,0
133466,0
152358,0
125132,0
115974,0
9141,0
195169,0
88254,0
161611,0
70197,0
187604,0
7718,0
130864,0
23353,0
188291,0
17674,0
101463,0
183055,0
135490,0
63962,0
134489,0
132682,0
188018,0
172611,0
59356,0
143965,0
90341,0
176301,0
165383,0
183078,0
135756,0
147445,0
167138,0
114465,0
138924,0
60712,0
193416,0
11886,0
136881,0
91451,0
150063,0
137073,0
15936,0
114908,0
35248,0
1251,0
81860,0
185919,0
109478,0
100852,0
171156,0
97156,0
61313,0
118513,0
20144,0
95605,0
54096,0
80507,0
75690,0
172151,0
104413,0
51109,0
116830,0
10673,0
142640,0
185568,0
60435,0
161863,0
153429,0
151994,-1
86889,0
169378,0
139157,0
193904,0
31305,0
157886,0
116842,0
87683,0
127113,0
65418,0
147945,0
102436,0
175234,0
146393,0
167798,0
130465,0
204249,0
21494,0
93950,0
52449,0
7131,0
63917,0
128702,0
19829,0
101094,0
38696,0
116368,0
123522,0
17944,0
74364,0
88094,0
134828,0
146901,0
203372,0
115201,-1
167847,0
101890,0
23986,0
158320,0
155897,0
201730,0
197082,0
52172,0
181443,0
56950,0
42622,0
72115,0
37925,0
146933,0
170854,0
61210,0
114601,0
125661,0
92580,0
79546,0
186710,0
46671,0
17202,0
17170,0
132022,0
145251,0
41559,0
119278,0
57011,0
136734,0
30213,0
87561,0
128464,0
189582,0
30297,0
56978,0
89592,0
23283,0
49642,0
145377,0
34362,0
161593,0
200345,0
74750,0
182477,0
139390,0
160234,0
46907,0
149652,0
174084,0
158794,0
88940,0
323,0
138284,0
25115,0
61524,0
38081,0
55147,0
71576,0
131880,0
152787,0
76120,0
160096,0
193189,0
92948,0
55154,0
153284,0
72022,0
67514,0
37459,0
91892,0
33024,0
174300,0
194670,0
210,0
112932,0
68221,0
57546,-1
16628,0
91812,0
171316,0
68639,0
146170,0
91538,0
61215,0
189986,0
82548,0
133548,0
20651,0
54007,0
2827,0
169190,0
170359,0
8085,0
131089,0
179373,0
48281,0
36944,0
119021,0
188981,0
106528,0
28513,-1
156228,0
41028,0
96093,0
115954,0
190399,0
18620,0
145556,0
145255,0
27957,0
147405,0
144305,0
80837,0
130463,0
67423,0
93146,0
155976,0
181920,0
196946,0
108935,0
132771,0
42138,0
21208,0
77419,0
100536,0
160057,0
13974,0
117506,0
89713,0
60170,0
169258,0
201201,0
92418,0
12013,0
69260,0
108155,0
166524,0
123691,0
107799,0
187244,0
35181,0
36535,0
22767,0
45842,0
118973,0
133845,0
74197,0
75462,0
120683,-1
183338,0
53835,0
137629,4
155805,0
6773,0
67968,0
169631,0
171042,0
91922,0
129087,0
149517,0
131610,-1
117798,0
42324,0
31743,0
33040,0
122315,0
52224,0
169468,0
148214,0
138042,0
156689,0
124663,0
198256,0
100260,0
186338,0
88806,0
69028,0
47178,0
138055,0
6226,0
79546,0
72555,0
4700,0
168951,0
104721,0
193405,0
47508,0
39713,0
79546,0
154479,0
157932,0
58055,-1
137672,0
155170,0
5133,0
19456,0
40668,0
199123,0
165245,0
18433,0
48719,0
138054,0
17005,0
4537,0
9519,0
193929,0
99673,0
184527,0
35126,0
79586,0
8354,0
60495,0
191300,0
672,0
115040,0
21511,0
86648,0
37701,0
141480,0
186354,0
119307,0
19449,0
128767,0
6645,0
49564,0
83765,0
19732,0
129097,0
42996,0
67345,0
11553,0
74680,0
86894,0
104236,0
126765,0
78162,0
162741,0
21456,0
157731,0
144226,0
80494,0
34193,0
137934,0
164542,0
175809,0
86282,0
195425,0
169869,0
157656,0
39266,0
35572,0
100770,0
88071,0
68327,0
984,0
73696,0
140877,0
85975,0
88464,0
159468,0
68184,0
176912,0
187736,0
148347,0
134540,0
165220,0
65649,0
202554,0
58122,0
199743,0
196928,0
168462,0
102009,0
80337,0
137769,0
118933,0
50537,0
179496,0
22627,0
36721,0
192490,0
151274,0
136223,0
10301,0
136094,0
67290,0
202423,0
128122,0
116417,0
161772,0
73546,0
153238,0
190282,0
26515,0
127273,0
203017,0
2473,0
171114,0
101597,0
47666,0
69378,0
65217,0
201248,0
98590,0
12729,0
145826,0
69297,0
14354,0
90648,0
110190,-1
46070,0
89673,0
101250,0
30910,-1
78732,0
97200,2
100586,0
163334,0
99797,0
6569,0
135131,0
136045,0
58739,0
30113,0
142728,0
129730,0
183176,0
10579,0
154706,0
62969,0
87209,0
114413,0
107745,0
191266,0
41410,0
108272,0
7203,0
182558,0
127792,0
111853,0
126405,0
185920,0
95798,0
158844,0
186578,0
29041,0
23288,-1
38263,0
99829,0
49999,0
101507,0
202059,0
156788,0
147445,0
31291,0
174367,0
125361,0
125693,0
8150,0
178052,0
191660,0
184169,0
60461,0
44816,0
118295,0
50775,0
161002,0
137483,0
110519,0
134139,0
86978,0
4974,0
102070,0
30124,0
139981,0
83715,0
33289,0
106174,0
115598,0
166606,0
90933,0
127964,0
140067,0
76989,0
160445,0
61840,0
8818,0
98635,0
18763,0
193922,0
159405,-1
32134,0
144171,0
146759,0
77967,0
147948,0
165696,-1
14991,0
130984,0
89610,0
69160,0
69573,0
60090,0
184017,0
2166,0
197344,0
96460,0
108344,0
25432,0
190887,0
64443,0
23729,0
49695,0
102111,-1
186539,0
26825,0
114107,0
161721,0
108148,0
10419,0
6626,0
188973,0
20754,0
64094,0
62133,0
141490,0
56884,0
83181,0
36663,0
197630,0
132305,0
173214,0
101621,0
66735,0
196968,0
109775,0
484,0
85112,-1
185116,0
129313,0
162989,0
194608,0
146136,0
169398,0
74868,0
98907,0
35742,0
52248,0
47816,0
96827,0
131212,0
179109,0
135489,0
150,0
102952,-1
150379,0
203390,0
19099,0
31010,0
103660,0
1874,0
40611,0
125916,0
28712,0
20831,0
134459,0
174046,0
64637,0
33966,0
129721,0
192660,0
6413,0
197811,0
87073,0
14438,0
166820,0
54102,0
88007,0
178113,0
68903,-1
30308,0
40957,0
188807,0
17332,0
31079,0
165272,0
115750,0
130903,0
54588,0
119885,0
72213,0
88262,0
165854,0
9370,0
90203,0
114462,0
129606,0
101580,0
50806,0
122391,0
11239,0
193372,0
96654,0
112734,0
73052,0
75308,0
137517,0
141363,0
23714,0
174412,0
1812,0
40855,0
84001,2
94480,0
102090,0
81667,0
132856,0
94695,0
177645,0
63023,0
145978,0
52820,0
53376,0
187856,0
24191,0
72934,0
139437,0
50475,0
54876,0
79850,0
89782,0
115495,1
142332,0
38557,0
168219,0
167452,0
85069,0
92328,0
93471,0
95296,0
97244,0
99269,0
120120,0
29343,0
199167,0
99990,0
71856,0
70053,0
116854,0
77839,0
187825,0
19513,0
104719,0
43505,0
85825,0
181407,0
140994,0
198871,0
45729,0
44550,3
129403,0
19278,0
160020,0
74538,0
91142,0
156100,0
198636,0
202291,0
27752,0
62508,0
34057,0
182067,0
133970,0
102915,0
104721,0
90308,0
177973,0
130296,0
158888,0
43678,0
62712,0
148704,0
32805,0
110975,0
173709,0
48734,0
178527,0
38807,0
129662,0
150677,0
146319,0
37983,0
60859,0
18916,0
15748,0
127337,0
202341,0
20975,0
21472,0
101292,0
147583,0
17180,-1
174807,0
66794,0
111167,0
28081,0
195110,0
52400,0
105206,0
123995,0
200511,0
65078,0
22395,0
44141,0
101204,0
83524,0
189343,0
151266,0
119033,0
65385,0
195585,0
85550,0
74284,0
127412,0
117963,0
194191,0
158643,0
106667,0
141447,0
61324,0
190207,0
43851,0
11457,0
71220,0
144189,0
130847,0
24817,0
61721,0
104074,0
186005,0
137619,0
121866,0
128234,0
32418,0
162793,0
206083,0
141609,0
84500,0
160431,0
113175,0
189025,0
141872,0
68070,0
71304,0
76314,0
102262,0
112044,0
148061,0
96280,0
6693,0
47934,0
55285,0
86281,0
145871,0
158397,0
84898,0
66665,0
139641,0
17988,0
173584,0
160897,0
156624,0
28837,0
153847,0
178325,0
33842,0
42236,0
121428,0
156990,0
96497,0
154453,0
95425,0
178703,0
18014,0
180645,0
11588,0
111267,0
198563,0
128509,0
40271,0
97122,0
127525,0
104256,0
15200,0
169246,0
60841,0
162137,0
151150,0
106471,0
136769,0
86410,0
169842,0
198220,0
147449,0
88106,0
85847,0
77678,0
144822,0
15906,0
14507,0
76705,0
86005,0
150097,0
130765,0
103027,0
68009,0
163651,0
17829,0
51211,0
21919,0
6672,0
109478,0
138637,0
24728,0
15010,0
50190,0
98879,0
14807,0
9618,0
89554,0
117091,0
175899,0
97281,0
95832,0
91610,0
20701,0
78704,0
126187,0
6969,0
97501,0
162675,0
3356,0
197437,0
23760,0
170792,0
21948,0
73276,0
124313,0
8161,0
171902,0
98123,0
3762,0
38039,0
10502,0
112529,0
102536,0
187356,0
188352,0
74209,0
191027,0
15312,0
30120,0
176544,0
182632,0
98758,0
151862,0
49981,0
146845,0
94675,0
48308,0
149386,0
78630,0
165430,0
205729,0
41065,0
190559,0
131552,0
177341,0
42171,0
159193,0
42499,-1
116561,0
34213,0
27696,0
92920,0
184988,0
197107,0
60787,0
67661,0
110418,0
115495,1
197865,0
62260,0
121212,0
89392,0
21059,0
159126,0
473,0
12375,0
157571,0
6598,0
5003,0
38615,0
73248,0
69540,0
141246,-1
114137,0
74106,0
157318,0
63285,0
110844,0
184171,0
20146,0
85384,0
157041,0
83073,0
160556,0
103843,0
157131,0
14489,0
79164,0
133083,0
71749,0
122460,0
117376,0
55956,0
155002,0
138124,0
189082,0
72751,0
134062,0
184217,0
199546,0
30381,0
132241,0
33760,0
42710,0
97473,0
36912,0
171492,0
133196,0
77968,0
177469,0
77745,0
105300,0
6218,0
19805,0
183441,0
198308,0
68981,0
202094,0
143267,0
21471,0
107149,0
101579,0
4544,0
107703,0
172152,0
13122,0
27843,0
134282,0
62191,0
52690,0
4962,-1
4930,0
100874,0
106897,5
36495,0
150447,0
108769,0
192064,0
75005,0
1288,0
132758,0
26054,0
35711,0
48998,0
135782,0
32099,0
7738,0
78714,0
58610,0
167899,0
183985,0
83071,0
94165,0
94221,0
111584,0
73452,0
45520,0
153843,0
50997,0
3378,0
175939,0
72581,0
64337,0
167075,0
179431,0
176869,0
24860,0
157745,0
157275,0
46529,0
184712,0
181652,0
46611,0
143180,0
26024,0
123218,0
21551,0
115229,0
152538,0
168889,0
202796,0
176713,0
74421,0
113352,0
172405,0
16787,0
4703,0
31781,0
55806,0
133507,0
155309,0
19361,0
141479,0
18757,0
189804,-1
3273,0
25403,0
100059,0
46654,0
104283,0
191352,0
681,0
92660,0
47046,0
106421,0
176113,0
81615,0
190609,-1
161852,0
18187,0
148904,-1
37112,0
15327,0
167190,0
139379,0
69880,0
203018,0
179375,0
120506,0
130143,0
30024,0
42436,0
72586,0
29459,0
116472,0
91917,0
92785,0
37036,0
304,0
19140,0
95471,0
11225,0
169967,0
50173,0
162940,0
196964,0
168074,0
115906,0
102790,0
73650,0
48196,0
71296,0
68107,0
130327,0
98453,0
169614,0
8703,0
186811,0
23495,0
83333,0
66698,0
49551,0
14111,0
76710,0
115048,0
7027,0
34533,0
69956,0
140129,0
149043,0
97581,0
83798,0
123203,0
87677,0
158116,0
191679,0
120950,0
604,0
60940,0
153666,0
166759,0
84065,0
66046,0
78620,0
44424,0
171429,0
99250,0
111349,0
79510,0
181317,-1
21965,0
198553,0
190289,0
203523,0
133931,0
70964,0
55395,0
98612,0
96047,0
120248,0
167145,0
134532,0
30412,0
40573,0
175521,0
30084,0
97679,0
466,0
105028,0
93666,0
180734,0
92242,0
53439,0
79993,0
40751,0
13769,0
179955,0
176641,0
98870,0
58308,0
152538,0
173999,0
122219,0
32001,0
39561,0
88394,0
89202,0
34033,0
35828,0
118823,0
143992,0
174725,0
141765,0
51124,0
134950,0
60138,0
53976,0
93400,0
27411,0
65358,0
28314,0
104339,0
182223,0
197502,0
33488,0
168827,0
41509,0
70165,0
204069,0
175395,0
76680,0
62416,0
79088,0
100178,0
75513,0
91799,0
90270,0
25220,0
190475,0
44944,0
130302,0
155226,0
85745,0
1862,0
110652,0
114857,0
193697,0
48951,0
54593,0
194454,0
57130,0
202154,0
81791,0
516,0
57261,0
48787,0
160767,0
20640,0
169755,0
146555,0
112489,0
14584,0
124203,0
203378,0
179307,0
182456,0
147883,0
71595,0
174442,0
68282,0
91234,0
77824,0
128437,0
182840,0
65287,0
100204,0
200064,0
176002,0
20454,0
2830,0
125531,0
176696,0
50149,0
4794,0
155017,0
10502,0
152407,0
133241,0
5755,0
103737,0
197085,0
1037,0
11862,0
86702,0
132519,0
191359,0
118091,0
164541,0
122369,0
57092,0
194419,0
5485,0
108362,0
156862,0
26164,0
73470,0
15165,0
160450,0
183421,0
163821,0
84435,0
121817,0
8965,0
113176,0
25464,0
152691,0
71533,0
52608,0
125497,0
193481,0
123654,0
39252,0
174744,0
95806,0
51257,0
142620,0
164964,0
3305,0
79444,0
105482,0
126390,0
141767,0
84462,0
103124,0
194395,0
22906,-1
104276,0
161788,0
169944,0
169746,0
194834,0
54315,0
49849,0
56352,0
73421,0
56269,0
42199,0
101049,0
142832,0
124042,0
164573,0
134833,0
138480,0
131630,0
94468,0
71881,0
93917,0
17540,0
129125,0
109787,0
9688,0
137247,0
60473,0
97956,0
29128,0
193943,0
195940,0
175191,0
92383,0
127823,0
10708,0
137435,0
121122,0
14784,0
43591,0
46008,0
272,0
8216,0
80369,0
161812,0
109000,-1
63676,0
36816,0
131783,0
129077,0
118132,0
94461,0
177432,0
24827,0
184472,0
14383,0
127623,0
198520,0
71662,0
117085,0
174466,0
137179,0
54389,-1
7580,0
16854,0
24573,0
179075,0
201108,0
83093,0
64158,0
99701,0
116996,0
64470,0
157802,0
136149,0
121572,0
69459,0
16103,0
20123,0
43982,-1
90043,0
4659,0
84380,0
196904,0
150270,0
17222,0
51282,0
66973,0
48335,0
145204,0
175044,0
85606,0
205943,0
83293,0
7911,0
14292,0
66457,0
20802,0
125384,0
195654,0
191719,0
26878,0
193539,0
148947,0
121968,0
74644,0
7118,0
22619,0
159734,0
112388,0
96689,-1
156812,0
63246,0
200659,0
30536,0
102279,0
125614,0
54012,0
22214,0
101621,0
36481,0
128902,0
202862,0
6032,0
175295,0
102034,0
1629,0
190325,0
114806,0
156130,0
34380,0
117287,0
33747,0
59367,0
181517,0
159753,0
135125,0
108906,0
44119,0
11586,0
30417,0
138975,0
118462,0
111626,0
159461,0
8059,0
72805,0
102242,0
144699,0
71765,0
96165,0
84852,0
4151,-1
112604,0
126285,0
73909,0
113229,0
118077,0
11073,0
61015,0
28453,0
185052,0
69582,0
86177,0
151895,0
151461,0
210,0
47971,0
168177,0
11981,0
174837,0
44365,0
96483,0
52661,0
139397,0
47451,0
90411,0
110386,-1
32127,0
39222,0
141866,0
15187,0
173753,0
183368,0
24651,0
84005,0
